番号,75,
名前,メディスン・メランコリー,
呼び名,メディスン,
基礎,体力,1500
基礎,気力,1200
基礎,勃起,1500
基礎,ムード,1500
基礎,理性,1000
基礎,怒り,1000
基礎,深度,3000
基礎,酒気,1300
素質,処女,1;処女
素質,性別,1;女
素質,度胸,-1;臆病
素質,態度,1;反抗的
素質,性的興味,1;好奇心
素質,無知,1
素質,羞恥心,-1;恥薄い
素質,濡れやすさ,-1;濡れにくい
素質,薬毒耐性,1
素質,快感応答,1;快感に素直
素質,中毒しやすい,1
素質,性別嗜好,3;人間不信
素質,体型,-2;幼児体型
素質,バストサイズ,-1;貧乳
素質,幼児／幼児退行,1;幼児
素質,幼稚,1
素質,禁断の知識,1
素質,人形,1

能力,清掃技能,0
能力,話術技能,0
能力,戦闘能力,1
能力,教養,0
能力,料理技能,0
能力,音楽技能,1
素質,伐採Lv,0
素質,釣りLv,0
素質,採集Lv,3
素質,調合Lv,2

経験,異常経験,1
フラグ,基本服装セット,175;服装
フラグ,地位,200;地位
フラグ,初期位置,437;開始位置
フラグ,来訪時間,480;8時
フラグ,帰宅時間,960;16時
フラグ,就寝時間,1260;21時
フラグ,起床時間,360;6時
フラグ,素材販売,3
フラグ,よく行く地域,4
フラグ,自宅位置,460
フラグ,弾幕特能,512
相性,17,50;アリス
相性,53,120;てゐ
相性,52,120;鈴仙
相性,72,150;永琳
相性,63,110;影狼
相性,94,110;弁々
CSTR,仕事情報,毒集め
CSTR,職場,無名の丘
CSTR,10,～小さなスイートポイズン～　●種族：人形　●能力：毒を操る程度の能力