;------------------------------------------------------------
;	—§‚¿ŠG@‘Sg‘œ
;------------------------------------------------------------
;Eƒtƒ@ƒCƒ‹ƒl[ƒ€‚ÍƒLƒƒƒ‰ID‚É‡‚í‚¹‚é
;EƒfƒtƒHİ’è width180 height180
;ƒTƒCƒY•Ï‚¦‚éê‡‚Í‘S‚ÄƒŠƒTƒCƒY‚µ‚È‚¢‚ÆƒYƒŒ‚Ü‚·
;ƒtƒHƒ“ƒg‚Ì10”{ˆÈã‚Å‘µ‚¦‚é
;k¬‚É‚Í‘Ï‚¦‚ç‚ê‚Ü‚·‚ªŠg‘å‚Í‚â‚ß‚½‚Ù‚¤‚ª‚¢‚¢‚©‚Æ

;EƒLƒƒƒ‰–ˆ‚É1–‡‰æ‘œƒtƒ@ƒCƒ‹‚Éû‚ß‚é
;•‘•ˆá‚¢‚ğ‚™²A•\î·•ª‚ğ‚˜²‚É‘İ
;EƒŠƒ\[ƒX’è‹`‹K‘¥
;—§‚¿ŠG‚Ìí—Ş(ƒtƒ@ƒCƒ‹–¼ˆá‚¢)_•‘•(Y‚Ì’i—U‚è)_•\î(X‚Ì’i—U‚è)_ƒLƒƒƒ‰ID_·•ª
;í—Ş	—§‚¿ŠGAŠçŠG
;•‘•	•A—‡A“Áê•‘•
;•\î	’ÊíAÎŠçA“{‚è
;ƒGƒtƒFƒNƒg
;·•ª   ƒGƒtƒFƒNƒg‚ğ‹¤—L‚µ‚È‚¢‰æ‘œ

;ƒŠƒ\[ƒX–¼,Œ³ƒtƒ@ƒCƒ‹–¼,x,y,width,height
;ƒfƒtƒHƒ‹ƒgƒl[ƒ€
;—§‚¿ŠG_•_’Êí_17,17.webp,0,0,180,180

;_—‡
;‚È‚¢ƒLƒƒƒ‰‚Í•‚ÌÀ•W‚Å‘ã—p
;Šù‚É’è‹`‚³‚ê‚Ä‚¢‚é‚Ì‚ÅA’Ç‰Á‚µ‚½‚çÀ•W‚¾‚¯•Ï‚¦‚é
;—§‚¿ŠG_—‡_’Êí_17,17.webp,0,180,180,180

;•\î
;—§‚¿ŠG_•_ÎŠç_17,17.webp,180,0,180,180
;—§‚¿ŠG_•_“{‚è_17,17.webp,360,0,180,180
;—§‚¿ŠG_—‡_ÎŠç_17,17.webp,180,180,180,180
;—§‚¿ŠG_—‡_“{‚è_17,17.webp,360,180,180,180

;ƒGƒtƒFƒNƒg ã‚©‚çd‚Ë‚Ä•\¦‚³‚ê‚Ü‚·

;·•ª‚Í—‡‚âƒGƒtƒFƒNƒg‚ğ‹¤—L‚µ‚È‚¢‰æ‘œ‚Ég—p
;‹¤—L‚·‚éê‡‚Í“Áê•‘•‚ğg—p‚·‚é

;_—‡‚ª‚È‚¢ƒLƒƒƒ‰@’Ç‰Á‚µ‚½‚çƒŠƒ\[ƒX’è‹`‚ğ‘‚«Š·‚¦‚é
;111.ƒNƒ‰ƒEƒ“ƒs[ƒX 112.ƒŒÏ 131.–‹| 132.åİ•P
;------------------------------------------------------------

;------------------------------------------------------------
;1_—ì–²
;------------------------------------------------------------
;•
—§‚¿ŠG_•_’Êí_1,1.webp,0,0,180,180
—§‚¿ŠG_•_ÎŠç_1,1.webp,180,0,180,180
—§‚¿ŠG_•_“{‚è_1,1.webp,360,0,180,180
;—‡
—§‚¿ŠG_—‡_’Êí_1,1.webp,0,180,180,180
—§‚¿ŠG_—‡_ÎŠç_1,1.webp,180,180,180,180
—§‚¿ŠG_—‡_“{‚è_1,1.webp,360,180,180,180
;·•ª
—§‚¿ŠG_•_’Êí_1_“~•,1_2.webp,0,0,180,180
—§‚¿ŠG_•_ÎŠç_1_“~•,1_2.webp,180,0,180,180
—§‚¿ŠG_•_“{‚è_1_“~•,1_2.webp,360,0,180,180
—§‚¿ŠG_—‡_’Êí_1_“~•,1_2.webp,0,180,180,180
—§‚¿ŠG_—‡_ÎŠç_1_“~•,1_2.webp,180,180,180,180
—§‚¿ŠG_—‡_“{‚è_1_“~•,1_2.webp,360,180,180,180

;------------------------------------------------------------
;2_‚é`‚±‚Æ
;------------------------------------------------------------
;•
—§‚¿ŠG_•_’Êí_2,2.webp,0,0,180,180
—§‚¿ŠG_•_ÎŠç_2,2.webp,180,0,180,180
—§‚¿ŠG_•_“{‚è_2,2.webp,360,0,180,180
;—‡
—§‚¿ŠG_—‡_’Êí_2,2.webp,0,180,180,180
—§‚¿ŠG_—‡_ÎŠç_2,2.webp,180,180,180,180
—§‚¿ŠG_—‡_“{‚è_2,2.webp,360,180,180,180
;·•ª

;------------------------------------------------------------
;3_ƒJƒi
;------------------------------------------------------------
;•
—§‚¿ŠG_•_’Êí_3,3.webp,0,0,180,180
—§‚¿ŠG_•_ÎŠç_3,3.webp,180,0,180,180
—§‚¿ŠG_•_“{‚è_3,3.webp,360,0,180,180
;—‡
—§‚¿ŠG_—‡_’Êí_3,3.webp,0,180,180,180
—§‚¿ŠG_—‡_ÎŠç_3,3.webp,180,180,180,180
—§‚¿ŠG_—‡_“{‚è_3,3.webp,360,180,180,180
;·•ª

;------------------------------------------------------------
;4_–£–‚
;------------------------------------------------------------
;•
—§‚¿ŠG_•_’Êí_4,4.webp,0,0,180,180
—§‚¿ŠG_•_ÎŠç_4,4.webp,180,0,180,180
—§‚¿ŠG_•_“{‚è_4,4.webp,360,0,180,180
;—‡
—§‚¿ŠG_—‡_’Êí_4,4.webp,0,180,180,180
—§‚¿ŠG_—‡_ÎŠç_4,4.webp,180,180,180,180
—§‚¿ŠG_—‡_“{‚è_4,4.webp,360,180,180,180
;·•ª

;------------------------------------------------------------
;5_ƒTƒj[
;------------------------------------------------------------
;•
—§‚¿ŠG_•_’Êí_5,5.webp,0,0,180,180
—§‚¿ŠG_•_ÎŠç_5,5.webp,180,0,180,180
—§‚¿ŠG_•_“{‚è_5,5.webp,360,0,180,180
;—‡
—§‚¿ŠG_—‡_’Êí_5,5.webp,0,180,180,180
—§‚¿ŠG_—‡_ÎŠç_5,5.webp,180,180,180,180
—§‚¿ŠG_—‡_“{‚è_5,5.webp,360,180,180,180
;“Áê•‘•
—§‚¿ŠG_•_‰Ä•_’Êí_5,5.webp,0,360,180,180
—§‚¿ŠG_•_‰Ä•_ÎŠç_5,5.webp,180,360,180,180
—§‚¿ŠG_•_‰Ä•_“{‚è_5,5.webp,360,360,180,180
;·•ª

;------------------------------------------------------------
;6_ƒ‹ƒi
;------------------------------------------------------------
;•
—§‚¿ŠG_•_’Êí_6,6.webp,0,0,180,180
—§‚¿ŠG_•_ÎŠç_6,6.webp,180,0,180,180
—§‚¿ŠG_•_“{‚è_6,6.webp,360,0,180,180
;—‡
—§‚¿ŠG_—‡_’Êí_6,6.webp,0,180,180,180
—§‚¿ŠG_—‡_ÎŠç_6,6.webp,180,180,180,180
—§‚¿ŠG_—‡_“{‚è_6,6.webp,360,180,180,180
;“Áê•‘•
—§‚¿ŠG_•_‰Ä•_’Êí_6,6.webp,0,360,180,180
—§‚¿ŠG_•_‰Ä•_ÎŠç_6,6.webp,180,360,180,180
—§‚¿ŠG_•_‰Ä•_“{‚è_6,6.webp,360,360,180,180
;·•ª

;------------------------------------------------------------
;7_ƒXƒ^[
;------------------------------------------------------------
;•
—§‚¿ŠG_•_’Êí_7,7.webp,0,0,180,180
—§‚¿ŠG_•_ÎŠç_7,7.webp,180,0,180,180
—§‚¿ŠG_•_“{‚è_7,7.webp,360,0,180,180
;—‡
—§‚¿ŠG_—‡_’Êí_7,7.webp,0,180,180,180
—§‚¿ŠG_—‡_ÎŠç_7,7.webp,180,180,180,180
—§‚¿ŠG_—‡_“{‚è_7,7.webp,360,180,180,180
;“Áê•‘•
—§‚¿ŠG_•_‰Ä•_’Êí_7,7.webp,0,360,180,180
—§‚¿ŠG_•_‰Ä•_ÎŠç_7,7.webp,180,360,180,180
—§‚¿ŠG_•_‰Ä•_“{‚è_7,7.webp,360,360,180,180
;·•ª

;------------------------------------------------------------
;7_‚¿‚ä‚è
;------------------------------------------------------------
;•
—§‚¿ŠG_•_’Êí_8,8.webp,0,0,180,180
—§‚¿ŠG_•_ÎŠç_8,8.webp,180,0,180,180
—§‚¿ŠG_•_“{‚è_8,8.webp,360,0,180,180
;—‡
—§‚¿ŠG_—‡_’Êí_8,8.webp,0,180,180,180
—§‚¿ŠG_—‡_ÎŠç_8,8.webp,180,180,180,180
—§‚¿ŠG_—‡_“{‚è_8,8.webp,360,180,180,180
;·•ª

;------------------------------------------------------------
;9_–²”ü
;------------------------------------------------------------
;•
—§‚¿ŠG_•_’Êí_9,9.webp,0,0,180,180
—§‚¿ŠG_•_ÎŠç_9,9.webp,180,0,180,180
—§‚¿ŠG_•_“{‚è_9,9.webp,360,0,180,180
;—‡
—§‚¿ŠG_—‡_’Êí_9,9.webp,0,180,180,180
—§‚¿ŠG_—‡_ÎŠç_9,9.webp,180,180,180,180
—§‚¿ŠG_—‡_“{‚è_9,9.webp,360,180,180,180
;“Áê•‘•
—§‚¿ŠG_‹“û•_’Êí_9,9_—§‚¿‹.webp,0,0,180,180
—§‚¿ŠG_‹“û•_ÎŠç_9,9_—§‚¿‹.webp,180,0,180,180
—§‚¿ŠG_‹“û•_“{‚è_9,9_—§‚¿‹.webp,360,0,180,180
—§‚¿ŠG_‹“û—‡_’Êí_9,9_—§‚¿‹.webp,0,180,180,180
—§‚¿ŠG_‹“û—‡_ÎŠç_9,9_—§‚¿‹.webp,180,180,180,180
—§‚¿ŠG_‹“û—‡_“{‚è_9,9_—§‚¿‹.webp,360,180,180,180
;·•ª
—§‚¿ŠG_ŠçË_9,9.webp,540,0,180,180
—§‚¿ŠG_ŒûË_9,9.webp,540,180,180,180
—§‚¿ŠG_ˆ¤‰t_9,9.webp,540,360,180,180
—§‚¿ŠG_ˆ¤‰t‘½_9,9.webp,540,540,180,180
—§‚¿ŠG_‰º¸‰t_9,9.webp,540,720,180,180
—§‚¿ŠG_‰º¸‰t‘½_9,9.webp,540,900,180,180
—§‚¿ŠG_è¸‰t_9,9.webp,540,1080,180,180
—§‚¿ŠG_•_‰º’…‚Ì‚İ_’Êí_9,9.webp,0,360,180,180
—§‚¿ŠG_•_‰º’…‚Ì‚İ_ÎŠç_9,9.webp,180,360,180,180
—§‚¿ŠG_•_‰º’…‚Ì‚İ_“{‚è_9,9.webp,360,360,180,180
—§‚¿ŠG_•_ƒuƒ‰‚Ì‚İ_’Êí_9,9.webp,0,540,180,180
—§‚¿ŠG_•_ƒuƒ‰‚Ì‚İ_ÎŠç_9,9.webp,180,540,180,180
—§‚¿ŠG_•_ƒuƒ‰‚Ì‚İ_“{‚è_9,9.webp,360,540,180,180
—§‚¿ŠG_•_”¼’E‚¬_’Êí_9,9.webp,0,720,180,180
—§‚¿ŠG_•_”¼’E‚¬_ÎŠç_9,9.webp,180,720,180,180
—§‚¿ŠG_•_”¼’E‚¬_“{‚è_9,9.webp,360,720,180,180
—§‚¿ŠG_•_”¼’E‚¬ƒm[ƒpƒ“_’Êí_9,9.webp,0,900,180,180
—§‚¿ŠG_•_”¼’E‚¬ƒm[ƒpƒ“_ÎŠç_9,9.webp,180,900,180,180
—§‚¿ŠG_•_”¼’E‚¬ƒm[ƒpƒ“_“{‚è_9,9.webp,360,900,180,180
—§‚¿ŠG_•_ƒZ[ƒ‰[_’Êí_9,9.webp,0,1080,180,180
—§‚¿ŠG_•_ƒZ[ƒ‰[_ÎŠç_9,9.webp,180,1080,180,180
—§‚¿ŠG_•_ƒZ[ƒ‰[_“{‚è_9,9.webp,360,1080,180,180
—§‚¿ŠG_•_’n–‚sƒVƒƒƒc_’Êí_9,9.webp,360,1260,180,180
—§‚¿ŠG_•_’n–‚sƒVƒƒƒc_ÎŠç_9,9.webp,360,1260,180,180
—§‚¿ŠG_•_’n–‚sƒVƒƒƒc_“{‚è_9,9.webp,360,1260,180,180
—§‚¿ŠG_•_’n–‚sƒVƒƒƒc_”¼’E‚¬_’Êí_9,9.webp,0,1440,180,180
—§‚¿ŠG_•_’n–‚sƒVƒƒƒc_”¼’E‚¬_ÎŠç_9,9.webp,180,1440,180,180
—§‚¿ŠG_•_’n–‚sƒVƒƒƒc_”¼’E‚¬_“{‚è_9,9.webp,360,1440,180,180
—§‚¿ŠG_•_’n–‚sƒVƒƒƒc_”¼’E‚¬ƒm[ƒpƒ“_’Êí_9,9.webp,0,1620,180,180
—§‚¿ŠG_•_’n–‚sƒVƒƒƒc_”¼’E‚¬ƒm[ƒpƒ“_ÎŠç_9,9.webp,180,1620,180,180
—§‚¿ŠG_•_’n–‚sƒVƒƒƒc_”¼’E‚¬ƒm[ƒpƒ“_“{‚è_9,9.webp,360,1620,180,180

;------------------------------------------------------------
;10_äÂ
;------------------------------------------------------------
;•
—§‚¿ŠG_•_’Êí_10,10.webp,0,0,180,180
—§‚¿ŠG_•_ÎŠç_10,10.webp,180,0,180,180
—§‚¿ŠG_•_“{‚è_10,10.webp,360,0,180,180
;—‡
—§‚¿ŠG_—‡_’Êí_10,10.webp,0,180,180,180
—§‚¿ŠG_—‡_ÎŠç_10,10.webp,180,180,180,180
—§‚¿ŠG_—‡_“{‚è_10,10.webp,360,180,180,180
;·•ª

;------------------------------------------------------------
;11_–‚—¹
;------------------------------------------------------------
;•
—§‚¿ŠG_•_’Êí_11,11.webp,0,0,180,180
—§‚¿ŠG_•_ÎŠç_11,11.webp,180,0,180,180
—§‚¿ŠG_•_“{‚è_11,11.webp,360,0,180,180
;—‡
—§‚¿ŠG_—‡_’Êí_11,11.webp,0,180,180,180
—§‚¿ŠG_—‡_ÎŠç_11,11.webp,180,180,180,180
—§‚¿ŠG_—‡_“{‚è_11,11.webp,360,180,180,180
;“Áê•‘•
—§‚¿ŠG_•_“ú‘Ö‚í‚è_’Êí_11,11.webp,0,360,180,180
—§‚¿ŠG_•_“ú‘Ö‚í‚è_ÎŠç_11,11.webp,180,360,180,180
—§‚¿ŠG_•_“ú‘Ö‚í‚è_“{‚è_11,11.webp,360,360,180,180
;·•ª

;------------------------------------------------------------
;12_ƒ‹[ƒ~ƒA
;------------------------------------------------------------
;•
—§‚¿ŠG_•_’Êí_12,12.webp,0,0,180,180
—§‚¿ŠG_•_ÎŠç_12,12.webp,180,0,180,180
—§‚¿ŠG_•_“{‚è_12,12.webp,360,0,180,180
;—‡
—§‚¿ŠG_—‡_’Êí_12,12.webp,0,180,180,180
—§‚¿ŠG_—‡_ÎŠç_12,12.webp,180,180,180,180
—§‚¿ŠG_—‡_“{‚è_12,12.webp,360,180,180,180
;·•ª

;------------------------------------------------------------
;13_‘å—d¸
;------------------------------------------------------------
;•
—§‚¿ŠG_•_’Êí_13,13.webp,0,0,180,180
—§‚¿ŠG_•_ÎŠç_13,13.webp,180,0,180,180
—§‚¿ŠG_•_“{‚è_13,13.webp,360,0,180,180
;—‡
—§‚¿ŠG_—‡_’Êí_13,13.webp,0,180,180,180
—§‚¿ŠG_—‡_ÎŠç_13,13.webp,180,180,180,180
—§‚¿ŠG_—‡_“{‚è_13,13.webp,360,180,180,180
;·•ª

;------------------------------------------------------------
;14_ƒ`ƒ‹ƒm
;------------------------------------------------------------
;•
—§‚¿ŠG_•_’Êí_14,14.webp,0,0,180,180
—§‚¿ŠG_•_ÎŠç_14,14.webp,180,0,180,180
—§‚¿ŠG_•_“{‚è_14,14.webp,360,0,180,180
;—‡
—§‚¿ŠG_—‡_’Êí_14,14.webp,0,180,180,180
—§‚¿ŠG_—‡_ÎŠç_14,14.webp,180,180,180,180
—§‚¿ŠG_—‡_“{‚è_14,14.webp,360,180,180,180
;·•ª

;------------------------------------------------------------
;15_ç–é
;------------------------------------------------------------
;•
—§‚¿ŠG_•_’Êí_15,15.webp,0,0,180,180
—§‚¿ŠG_•_ÎŠç_15,15.webp,180,0,180,180
—§‚¿ŠG_•_“{‚è_15,15.webp,360,0,180,180
;—‡
—§‚¿ŠG_—‡_’Êí_15,15.webp,0,180,180,180
—§‚¿ŠG_—‡_ÎŠç_15,15.webp,180,180,180,180
—§‚¿ŠG_—‡_“{‚è_15,15.webp,360,180,180,180
;·•ª
—§‚¿ŠG_•_’Êí_15_l—¢,15_1.webp,0,0,180,180
—§‚¿ŠG_•_ÎŠç_15_l—¢,15_1.webp,180,0,180,180
—§‚¿ŠG_•_“{‚è_15_l—¢,15_1.webp,360,0,180,180
—§‚¿ŠG_—‡_’Êí_15_l—¢,15_1.webp,0,180,180,180
—§‚¿ŠG_—‡_ÎŠç_15_l—¢,15_1.webp,180,180,180,180
—§‚¿ŠG_—‡_“{‚è_15_l—¢,15_1.webp,360,180,180,180

;------------------------------------------------------------
;16_ƒŒƒ~ƒŠƒA
;------------------------------------------------------------
;•
—§‚¿ŠG_•_’Êí_16,16.webp,0,0,180,180
—§‚¿ŠG_•_ÎŠç_16,16.webp,180,0,180,180
—§‚¿ŠG_•_“{‚è_16,16.webp,360,0,180,180
;—‡
—§‚¿ŠG_—‡_’Êí_16,16.webp,0,180,180,180
—§‚¿ŠG_—‡_ÎŠç_16,16.webp,180,180,180,180
—§‚¿ŠG_—‡_“{‚è_16,16.webp,360,180,180,180
;·•ª
—§‚¿ŠG_•_’Êí_16_ƒuƒŒƒCƒN,16_1.webp,0,0,180,180
—§‚¿ŠG_•_ÎŠç_16_ƒuƒŒƒCƒN,16_1.webp,180,0,180,180
—§‚¿ŠG_•_“{‚è_16_ƒuƒŒƒCƒN,16_1.webp,360,0,180,180
—§‚¿ŠG_—‡_’Êí_16_ƒuƒŒƒCƒN,16_1.webp,0,180,180,180
—§‚¿ŠG_—‡_ÎŠç_16_ƒuƒŒƒCƒN,16_1.webp,180,180,180,180
—§‚¿ŠG_—‡_“{‚è_16_ƒuƒŒƒCƒN,16_1.webp,360,180,180,180

;------------------------------------------------------------
;17_ƒAƒŠƒX
;------------------------------------------------------------
;•
—§‚¿ŠG_•_’Êí_17,17.webp,0,0,180,180
—§‚¿ŠG_•_ÎŠç_17,17.webp,180,0,180,180
—§‚¿ŠG_•_“{‚è_17,17.webp,360,0,180,180
;—‡
—§‚¿ŠG_—‡_’Êí_17,17.webp,0,180,180,180
—§‚¿ŠG_—‡_ÎŠç_17,17.webp,180,180,180,180
—§‚¿ŠG_—‡_“{‚è_17,17.webp,360,180,180,180
;·•ª

;------------------------------------------------------------
;18_ƒŠƒŠ[‚v
;------------------------------------------------------------
;•
—§‚¿ŠG_•_’Êí_18,18.webp,0,0,180,180
—§‚¿ŠG_•_ÎŠç_18,18.webp,180,0,180,180
—§‚¿ŠG_•_“{‚è_18,18.webp,360,0,180,180
;—‡
—§‚¿ŠG_—‡_’Êí_18,18.webp,0,180,180,180
—§‚¿ŠG_—‡_ÎŠç_18,18.webp,180,180,180,180
—§‚¿ŠG_—‡_“{‚è_18,18.webp,360,180,180,180
;·•ª

;------------------------------------------------------------
;19_ƒŠƒŠ[‚a
;------------------------------------------------------------
;•
—§‚¿ŠG_•_’Êí_19,19.webp,0,0,180,180
—§‚¿ŠG_•_ÎŠç_19,19.webp,180,0,180,180
—§‚¿ŠG_•_“{‚è_19,19.webp,360,0,180,180
;—‡
—§‚¿ŠG_—‡_’Êí_19,19.webp,0,180,180,180
—§‚¿ŠG_—‡_ÎŠç_19,19.webp,180,180,180,180
—§‚¿ŠG_—‡_“{‚è_19,19.webp,360,180,180,180
;·•ª

;------------------------------------------------------------
;20_ƒŠƒŠƒJ
;------------------------------------------------------------
;•
—§‚¿ŠG_•_’Êí_20,20.webp,0,0,180,180
—§‚¿ŠG_•_ÎŠç_20,20.webp,180,0,180,180
—§‚¿ŠG_•_“{‚è_20,20.webp,360,0,180,180
;—‡
—§‚¿ŠG_—‡_’Êí_20,20.webp,0,180,180,180
—§‚¿ŠG_—‡_ÎŠç_20,20.webp,180,180,180,180
—§‚¿ŠG_—‡_“{‚è_20,20.webp,360,180,180,180
;·•ª

;------------------------------------------------------------
;21_ƒƒ‹ƒ‰ƒ“
;------------------------------------------------------------
;•
—§‚¿ŠG_•_’Êí_21,21.webp,0,0,180,180
—§‚¿ŠG_•_ÎŠç_21,21.webp,180,0,180,180
—§‚¿ŠG_•_“{‚è_21,21.webp,360,0,180,180
;—‡
—§‚¿ŠG_—‡_’Êí_21,21.webp,0,180,180,180
—§‚¿ŠG_—‡_ÎŠç_21,21.webp,180,180,180,180
—§‚¿ŠG_—‡_“{‚è_21,21.webp,360,180,180,180
;·•ª

;------------------------------------------------------------
;22_ƒ‹ƒiƒT
;------------------------------------------------------------
;•
—§‚¿ŠG_•_’Êí_22,22.webp,0,0,180,180
—§‚¿ŠG_•_ÎŠç_22,22.webp,180,0,180,180
—§‚¿ŠG_•_“{‚è_22,22.webp,360,0,180,180
;—‡
—§‚¿ŠG_—‡_’Êí_22,22.webp,0,180,180,180
—§‚¿ŠG_—‡_ÎŠç_22,22.webp,180,180,180,180
—§‚¿ŠG_—‡_“{‚è_22,22.webp,360,180,180,180
;·•ª

;------------------------------------------------------------
;23_—d–²
;------------------------------------------------------------
;•
—§‚¿ŠG_•_’Êí_23,23.webp,0,0,180,180
—§‚¿ŠG_•_ÎŠç_23,23.webp,180,0,180,180
—§‚¿ŠG_•_“{‚è_23,23.webp,360,0,180,180
;—‡
—§‚¿ŠG_—‡_’Êí_23,23.webp,0,180,180,180
—§‚¿ŠG_—‡_ÎŠç_23,23.webp,180,180,180,180
—§‚¿ŠG_—‡_“{‚è_23,23.webp,360,180,180,180
;·•ª

;------------------------------------------------------------
;24_ò
;------------------------------------------------------------
;•
—§‚¿ŠG_•_’Êí_24,24.webp,0,0,180,180
—§‚¿ŠG_•_ÎŠç_24,24.webp,180,0,180,180
—§‚¿ŠG_•_“{‚è_24,24.webp,360,0,180,180
;—‡
—§‚¿ŠG_—‡_’Êí_24,24.webp,0,180,180,180
—§‚¿ŠG_—‡_ÎŠç_24,24.webp,180,180,180,180
—§‚¿ŠG_—‡_“{‚è_24,24.webp,360,180,180,180
;·•ª

;------------------------------------------------------------
;25_—•
;------------------------------------------------------------
;•
—§‚¿ŠG_•_’Êí_25,25.webp,0,0,180,180
—§‚¿ŠG_•_ÎŠç_25,25.webp,180,0,180,180
—§‚¿ŠG_•_“{‚è_25,25.webp,360,0,180,180
;—‡
—§‚¿ŠG_—‡_’Êí_25,25.webp,0,180,180,180
—§‚¿ŠG_—‡_ÎŠç_25,25.webp,180,180,180,180
—§‚¿ŠG_—‡_“{‚è_25,25.webp,360,180,180,180
;·•ª

;------------------------------------------------------------
;26_‡
;------------------------------------------------------------
;•
—§‚¿ŠG_•_’Êí_26,26.webp,0,0,180,180
—§‚¿ŠG_•_ÎŠç_26,26.webp,180,0,180,180
—§‚¿ŠG_•_“{‚è_26,26.webp,360,0,180,180
;—‡
—§‚¿ŠG_—‡_’Êí_26,26.webp,0,180,180,180
—§‚¿ŠG_—‡_ÎŠç_26,26.webp,180,180,180,180
—§‚¿ŠG_—‡_“{‚è_26,26.webp,360,180,180,180
;“Áê•‘•
—§‚¿ŠG_•_ƒCƒuƒjƒ“ƒOƒhƒŒƒX_’Êí_26,26.webp,0,360,180,180
—§‚¿ŠG_•_ƒCƒuƒjƒ“ƒOƒhƒŒƒX_ÎŠç_26,26.webp,180,360,180,180
—§‚¿ŠG_•_ƒCƒuƒjƒ“ƒOƒhƒŒƒX_“{‚è_26,26.webp,360,360,180,180
;·•ª

;------------------------------------------------------------
;27_ƒŠƒOƒ‹
;------------------------------------------------------------
;•
—§‚¿ŠG_•_’Êí_27,27.webp,0,0,180,180
—§‚¿ŠG_•_ÎŠç_27,27.webp,180,0,180,180
—§‚¿ŠG_•_“{‚è_27,27.webp,360,0,180,180
;—‡
—§‚¿ŠG_—‡_’Êí_27,27.webp,0,180,180,180
—§‚¿ŠG_—‡_ÎŠç_27,27.webp,180,180,180,180
—§‚¿ŠG_—‡_“{‚è_27,27.webp,360,180,180,180
;·•ª

;------------------------------------------------------------
;28_ƒ~ƒXƒeƒBƒA
;------------------------------------------------------------
;•
—§‚¿ŠG_•_’Êí_28,28.webp,0,0,180,180
—§‚¿ŠG_•_ÎŠç_28,28.webp,180,0,180,180
—§‚¿ŠG_•_“{‚è_28,28.webp,360,0,180,180
;—‡
—§‚¿ŠG_—‡_’Êí_28,28.webp,0,180,180,180
—§‚¿ŠG_—‡_ÎŠç_28,28.webp,180,180,180,180
—§‚¿ŠG_—‡_“{‚è_28,28.webp,360,180,180,180
;“Áê•‘•
—§‚¿ŠG_•_—«_’Êí_28,28.webp,0,360,180,180
—§‚¿ŠG_•_—«_ÎŠç_28,28.webp,180,360,180,180
—§‚¿ŠG_•_—«_“{‚è_28,28.webp,360,360,180,180
—§‚¿ŠG_•_ƒ‰ƒCƒu_’Êí_28,28.webp,0,540,180,180
—§‚¿ŠG_•_ƒ‰ƒCƒu_ÎŠç_28,28.webp,180,540,180,180
—§‚¿ŠG_•_ƒ‰ƒCƒu_“{‚è_28,28.webp,360,540,180,180
;·•ª

;------------------------------------------------------------
;29_•¶
;------------------------------------------------------------
;•
—§‚¿ŠG_•_’Êí_29,29.webp,0,0,180,180
—§‚¿ŠG_•_ÎŠç_29,29.webp,180,0,180,180
—§‚¿ŠG_•_“{‚è_29,29.webp,360,0,180,180
;—‡
—§‚¿ŠG_—‡_’Êí_29,29.webp,0,180,180,180
—§‚¿ŠG_—‡_ÎŠç_29,29.webp,180,180,180,180
—§‚¿ŠG_—‡_“{‚è_29,29.webp,360,180,180,180
;·•ª
—§‚¿ŠG_•_’Êí_29_l—¢,29_1.webp,0,0,180,180
—§‚¿ŠG_•_ÎŠç_29_l—¢,29_1.webp,180,0,180,180
—§‚¿ŠG_•_“{‚è_29_l—¢,29_1.webp,360,0,180,180
—§‚¿ŠG_Æ‚ê_29_l—¢,29_1.webp,540,0,180,180
—§‚¿ŠG_•_”­î_29_l—¢,29_1.webp,720,0,180,180

;------------------------------------------------------------
;30_‰f•P
;------------------------------------------------------------
;•
—§‚¿ŠG_•_’Êí_30,30.webp,0,0,180,180
—§‚¿ŠG_•_ÎŠç_30,30.webp,180,0,180,180
—§‚¿ŠG_•_“{‚è_30,30.webp,360,0,180,180
;—‡
—§‚¿ŠG_—‡_’Êí_30,30.webp,0,180,180,180
—§‚¿ŠG_—‡_ÎŠç_30,30.webp,180,180,180,180
—§‚¿ŠG_—‡_“{‚è_30,30.webp,360,180,180,180
;“Áê•‘•
—§‚¿ŠG_•_•Ï‚s_’Êí_30,30.webp,0,360,180,180
—§‚¿ŠG_•_•Ï‚s_ÎŠç_30,30.webp,180,360,180,180
—§‚¿ŠG_•_•Ï‚s_“{‚è_30,30.webp,360,360,180,180
;·•ª

;------------------------------------------------------------
;31_‘•c
;------------------------------------------------------------
;•
—§‚¿ŠG_•_’Êí_31,31.webp,0,0,180,180
—§‚¿ŠG_•_ÎŠç_31,31.webp,180,0,180,180
—§‚¿ŠG_•_“{‚è_31,31.webp,360,0,180,180
;—‡
—§‚¿ŠG_—‡_’Êí_31,31.webp,0,180,180,180
—§‚¿ŠG_—‡_ÎŠç_31,31.webp,180,180,180,180
—§‚¿ŠG_—‡_“{‚è_31,31.webp,360,180,180,180
;“Áê•‘•(ƒZ[ƒ‰[•)
—§‚¿ŠG_•_ƒZ[ƒ‰[_’Êí_31,31.webp,0,360,180,180
—§‚¿ŠG_•_ƒZ[ƒ‰[_ÎŠç_31,31.webp,180,360,180,180
—§‚¿ŠG_•_ƒZ[ƒ‰[_“{‚è_31,31.webp,360,360,180,180
;“Áê•‘•(‹“û)
—§‚¿ŠG_‹“û•_’Êí_31,31_—§‚¿‹.webp,0,0,180,180
—§‚¿ŠG_‹“û•_ÎŠç_31,31_—§‚¿‹.webp,180,0,180,180
—§‚¿ŠG_‹“û•_“{‚è_31,31_—§‚¿‹.webp,360,0,180,180
—§‚¿ŠG_‹“û•_ƒZ[ƒ‰[_’Êí_31,31_—§‚¿‹.webp,0,360,180,180
—§‚¿ŠG_‹“û•_ƒZ[ƒ‰[_ÎŠç_31,31_—§‚¿‹.webp,180,360,180,180
—§‚¿ŠG_‹“û•_ƒZ[ƒ‰[_“{‚è_31,31_—§‚¿‹.webp,360,360,180,180
—§‚¿ŠG_‹“û—‡_’Êí_31,31_—§‚¿‹.webp,0,180,180,180
—§‚¿ŠG_‹“û—‡_ÎŠç_31,31_—§‚¿‹.webp,180,180,180,180
—§‚¿ŠG_‹“û—‡_“{‚è_31,31_—§‚¿‹.webp,360,180,180,180
;·•ª

;------------------------------------------------------------
;32__“Şq
;------------------------------------------------------------
;•
—§‚¿ŠG_•_’Êí_32,32.webp,0,0,180,180
—§‚¿ŠG_•_ÎŠç_32,32.webp,180,0,180,180
—§‚¿ŠG_•_“{‚è_32,32.webp,360,0,180,180
;—‡
—§‚¿ŠG_—‡_’Êí_32,32.webp,0,180,180,180
—§‚¿ŠG_—‡_ÎŠç_32,32.webp,180,180,180,180
—§‚¿ŠG_—‡_“{‚è_32,32.webp,360,180,180,180
;“Áê•‘•
—§‚¿ŠG_‹“û•_’Êí_32,32_—§‚¿‹.webp,0,0,180,180
—§‚¿ŠG_‹“û•_ÎŠç_32,32_—§‚¿‹.webp,180,0,180,180
—§‚¿ŠG_‹“û•_“{‚è_32,32_—§‚¿‹.webp,360,0,180,180
—§‚¿ŠG_‹“û—‡_’Êí_32,32_—§‚¿‹.webp,0,180,180,180
—§‚¿ŠG_‹“û—‡_ÎŠç_32,32_—§‚¿‹.webp,180,180,180,180
—§‚¿ŠG_‹“û—‡_“{‚è_32,32_—§‚¿‹.webp,360,180,180,180
;·•ª

;------------------------------------------------------------
;33_z–Kq
;------------------------------------------------------------
;•
—§‚¿ŠG_•_’Êí_33,33.webp,0,0,180,180
—§‚¿ŠG_•_ÎŠç_33,33.webp,180,0,180,180
—§‚¿ŠG_•_“{‚è_33,33.webp,360,0,180,180
;—‡
—§‚¿ŠG_—‡_’Êí_33,33.webp,0,180,180,180
—§‚¿ŠG_—‡_ÎŠç_33,33.webp,180,180,180,180
—§‚¿ŠG_—‡_“{‚è_33,33.webp,360,180,180,180
;·•ª

;------------------------------------------------------------
;34_“Vq
;------------------------------------------------------------
;•
—§‚¿ŠG_•_’Êí_34,34.webp,0,0,180,180
—§‚¿ŠG_•_ÎŠç_34,34.webp,180,0,180,180
—§‚¿ŠG_•_“{‚è_34,34.webp,360,0,180,180
;—‡
—§‚¿ŠG_—‡_’Êí_34,34.webp,0,180,180,180
—§‚¿ŠG_—‡_ÎŠç_34,34.webp,180,180,180,180
—§‚¿ŠG_—‡_“{‚è_34,34.webp,360,180,180,180
;·•ª

;------------------------------------------------------------
;35_ˆß‹è
;------------------------------------------------------------
;•
—§‚¿ŠG_•_’Êí_35,35.webp,0,0,180,180
—§‚¿ŠG_•_ÎŠç_35,35.webp,180,0,180,180
—§‚¿ŠG_•_“{‚è_35,35.webp,360,0,180,180
;—‡
—§‚¿ŠG_—‡_’Êí_35,35.webp,0,180,180,180
—§‚¿ŠG_—‡_ÎŠç_35,35.webp,180,180,180,180
—§‚¿ŠG_—‡_“{‚è_35,35.webp,360,180,180,180
;·•ª

;------------------------------------------------------------
;36_‚¨—Ó
;------------------------------------------------------------
;•
—§‚¿ŠG_•_’Êí_36,36.webp,0,0,180,180
—§‚¿ŠG_•_ÎŠç_36,36.webp,180,0,180,180
—§‚¿ŠG_•_“{‚è_36,36.webp,360,0,180,180
;—‡
—§‚¿ŠG_—‡_’Êí_36,36.webp,0,180,180,180
—§‚¿ŠG_—‡_ÎŠç_36,36.webp,180,180,180,180
—§‚¿ŠG_—‡_“{‚è_36,36.webp,360,180,180,180
;“Áê•‘•
—§‚¿ŠG_•_‰Ä•_’Êí_36,36.webp,0,360,180,180
—§‚¿ŠG_•_‰Ä•_ÎŠç_36,36.webp,180,360,180,180
—§‚¿ŠG_•_‰Ä•_“{‚è_36,36.webp,360,360,180,180
;·•ª

;------------------------------------------------------------
;37_‚¨‹ó
;------------------------------------------------------------
;•
—§‚¿ŠG_•_’Êí_37,37.webp,0,0,180,180
—§‚¿ŠG_•_ÎŠç_37,37.webp,180,0,180,180
—§‚¿ŠG_•_“{‚è_37,37.webp,360,0,180,180
;—‡
—§‚¿ŠG_—‡_’Êí_37,37.webp,0,180,180,180
—§‚¿ŠG_—‡_ÎŠç_37,37.webp,180,180,180,180
—§‚¿ŠG_—‡_“{‚è_37,37.webp,360,180,180,180
;·•ª

;------------------------------------------------------------
;38_‚±‚¢‚µ
;------------------------------------------------------------
;•
—§‚¿ŠG_•_’Êí_38,38.webp,0,0,180,180
—§‚¿ŠG_•_ÎŠç_38,38.webp,180,0,180,180
—§‚¿ŠG_•_“{‚è_38,38.webp,360,0,180,180
;—‡
—§‚¿ŠG_—‡_’Êí_38,38.webp,0,180,180,180
—§‚¿ŠG_—‡_ÎŠç_38,38.webp,180,180,180,180
—§‚¿ŠG_—‡_“{‚è_38,38.webp,360,180,180,180
;·•ª

;------------------------------------------------------------
;39_ƒiƒY[ƒŠƒ“
;------------------------------------------------------------
;•
—§‚¿ŠG_•_’Êí_39,39.webp,0,0,180,180
—§‚¿ŠG_•_ÎŠç_39,39.webp,180,0,180,180
—§‚¿ŠG_•_“{‚è_39,39.webp,360,0,180,180
;—‡
—§‚¿ŠG_—‡_’Êí_39,39.webp,0,180,180,180
—§‚¿ŠG_—‡_ÎŠç_39,39.webp,180,180,180,180
—§‚¿ŠG_—‡_“{‚è_39,39.webp,360,180,180,180
;·•ª

;------------------------------------------------------------
;40_¬P
;------------------------------------------------------------
;•
—§‚¿ŠG_•_’Êí_40,40.webp,0,0,180,180
—§‚¿ŠG_•_ÎŠç_40,40.webp,180,0,180,180
—§‚¿ŠG_•_“{‚è_40,40.webp,360,0,180,180
;—‡
—§‚¿ŠG_—‡_’Êí_40,40.webp,0,180,180,180
—§‚¿ŠG_—‡_ÎŠç_40,40.webp,180,180,180,180
—§‚¿ŠG_—‡_“{‚è_40,40.webp,360,180,180,180
;·•ª

;------------------------------------------------------------
;41_‚Ê‚¦
;------------------------------------------------------------
;•
—§‚¿ŠG_•_’Êí_41,41.webp,0,0,180,180
—§‚¿ŠG_•_ÎŠç_41,41.webp,180,0,180,180
—§‚¿ŠG_•_“{‚è_41,41.webp,360,0,180,180
;—‡
—§‚¿ŠG_—‡_’Êí_41,41.webp,0,180,180,180
—§‚¿ŠG_—‡_ÎŠç_41,41.webp,180,180,180,180
—§‚¿ŠG_—‡_“{‚è_41,41.webp,360,180,180,180
;‹“û·•ª
—§‚¿ŠG_•_’Êí_41_‹,41_—§‚¿‹.webp,0,0,180,180
—§‚¿ŠG_•_ÎŠç_41_‹,41_—§‚¿‹.webp,180,0,180,180
—§‚¿ŠG_•_“{‚è_41_‹,41_—§‚¿‹.webp,360,0,180,180
—§‚¿ŠG_—‡_’Êí_41_‹,41_—§‚¿‹.webp,0,180,180,180
—§‚¿ŠG_—‡_ÎŠç_41_‹,41_—§‚¿‹.webp,180,180,180,180
—§‚¿ŠG_—‡_“{‚è_41_‹,41_—§‚¿‹.webp,360,180,180,180
—§‚¿ŠG_•_’Êí_41_“ú‘Ö‚í‚è_‹,41_—§‚¿‹_1.webp,0,0,180,180
—§‚¿ŠG_•_ÎŠç_41_“ú‘Ö‚í‚è_‹,41_—§‚¿‹_1.webp,180,0,180,180
—§‚¿ŠG_•_“{‚è_41_“ú‘Ö‚í‚è_‹,41_—§‚¿‹_1.webp,360,0,180,180
—§‚¿ŠG_—‡_’Êí_41_“ú‘Ö‚í‚è_‹,41_—§‚¿‹_1.webp,0,180,180,180
—§‚¿ŠG_—‡_ÎŠç_41_“ú‘Ö‚í‚è_‹,41_—§‚¿‹_1.webp,180,180,180,180
—§‚¿ŠG_—‡_“{‚è_41_“ú‘Ö‚í‚è_‹,41_—§‚¿‹_1.webp,360,180,180,180

;------------------------------------------------------------
;42_‚Í‚½‚Ä
;------------------------------------------------------------
;•
—§‚¿ŠG_•_’Êí_42,42.webp,0,0,180,180
—§‚¿ŠG_•_ÎŠç_42,42.webp,180,0,180,180
—§‚¿ŠG_•_“{‚è_42,42.webp,360,0,180,180
;—‡
—§‚¿ŠG_—‡_’Êí_42,42.webp,0,180,180,180
—§‚¿ŠG_—‡_ÎŠç_42,42.webp,180,180,180,180
—§‚¿ŠG_—‡_“{‚è_42,42.webp,360,180,180,180
;·•ª

;------------------------------------------------------------
;43_‰Øî
;------------------------------------------------------------
;•
—§‚¿ŠG_•_’Êí_43,43.webp,0,0,180,180
—§‚¿ŠG_•_ÎŠç_43,43.webp,180,0,180,180
—§‚¿ŠG_•_“{‚è_43,43.webp,360,0,180,180
;—‡
—§‚¿ŠG_—‡_’Êí_43,43.webp,0,180,180,180
—§‚¿ŠG_—‡_ÎŠç_43,43.webp,180,180,180,180
—§‚¿ŠG_—‡_“{‚è_43,43.webp,360,180,180,180
;·•ª

;------------------------------------------------------------
;44_ƒGƒŒƒ“
;------------------------------------------------------------
;•
—§‚¿ŠG_•_’Êí_44,44.webp,0,0,180,180
—§‚¿ŠG_•_ÎŠç_44,44.webp,180,0,180,180
—§‚¿ŠG_•_“{‚è_44,44.webp,360,0,180,180
;—‡
—§‚¿ŠG_—‡_’Êí_44,44.webp,0,180,180,180
—§‚¿ŠG_—‡_ÎŠç_44,44.webp,180,180,180,180
—§‚¿ŠG_—‡_“{‚è_44,44.webp,360,180,180,180
;·•ª

;------------------------------------------------------------
;45_—q
;------------------------------------------------------------
;•
—§‚¿ŠG_•_’Êí_45,45.webp,0,0,180,180
—§‚¿ŠG_•_ÎŠç_45,45.webp,180,0,180,180
—§‚¿ŠG_•_“{‚è_45,45.webp,360,0,180,180
;—‡
—§‚¿ŠG_—‡_’Êí_45,45.webp,0,180,180,180
—§‚¿ŠG_—‡_ÎŠç_45,45.webp,180,180,180,180
—§‚¿ŠG_—‡_“{‚è_45,45.webp,360,180,180,180
;·•ª

;------------------------------------------------------------
;46_–¾—…
;------------------------------------------------------------
;•
—§‚¿ŠG_•_’Êí_46,46.webp,0,0,180,180
—§‚¿ŠG_•_ÎŠç_46,46.webp,180,0,180,180
—§‚¿ŠG_•_“{‚è_46,46.webp,360,0,180,180
;—‡
—§‚¿ŠG_—‡_’Êí_46,46.webp,0,180,180,180
—§‚¿ŠG_—‡_ÎŠç_46,46.webp,180,180,180,180
—§‚¿ŠG_—‡_“{‚è_46,46.webp,360,180,180,180
;·•ª

;------------------------------------------------------------
;47_—¢
;------------------------------------------------------------
;•
—§‚¿ŠG_•_’Êí_47,47.webp,0,0,180,180
—§‚¿ŠG_•_ÎŠç_47,47.webp,180,0,180,180
—§‚¿ŠG_•_“{‚è_47,47.webp,360,0,180,180
;—‡
—§‚¿ŠG_—‡_’Êí_47,47.webp,0,180,180,180
—§‚¿ŠG_—‡_ÎŠç_47,47.webp,180,180,180,180
—§‚¿ŠG_—‡_“{‚è_47,47.webp,360,180,180,180
;·•ª

;------------------------------------------------------------
;48_ƒ‹ƒCƒY
;------------------------------------------------------------
;•
—§‚¿ŠG_•_’Êí_48,48.webp,0,0,180,180
—§‚¿ŠG_•_ÎŠç_48,48.webp,180,0,180,180
—§‚¿ŠG_•_“{‚è_48,48.webp,360,0,180,180
;—‡
—§‚¿ŠG_—‡_’Êí_48,48.webp,0,180,180,180
—§‚¿ŠG_—‡_ÎŠç_48,48.webp,180,180,180,180
—§‚¿ŠG_—‡_“{‚è_48,48.webp,360,180,180,180
;·•ª

;------------------------------------------------------------
;49_‚³‚Æ‚è
;------------------------------------------------------------
;•
—§‚¿ŠG_•_’Êí_49,49.webp,0,0,180,180
—§‚¿ŠG_•_ÎŠç_49,49.webp,180,0,180,180
—§‚¿ŠG_•_“{‚è_49,49.webp,360,0,180,180
;—‡
—§‚¿ŠG_—‡_’Êí_49,49.webp,0,180,180,180
—§‚¿ŠG_—‡_ÎŠç_49,49.webp,180,180,180,180
—§‚¿ŠG_—‡_“{‚è_49,49.webp,360,180,180,180
;·•ª

;------------------------------------------------------------
;50_ƒtƒ‰ƒ“
;------------------------------------------------------------
;•
—§‚¿ŠG_•_’Êí_50,50.webp,0,0,180,180
—§‚¿ŠG_•_ÎŠç_50,50.webp,180,0,180,180
—§‚¿ŠG_•_“{‚è_50,50.webp,360,0,180,180
;—‡
—§‚¿ŠG_—‡_’Êí_50,50.webp,0,180,180,180
—§‚¿ŠG_—‡_ÎŠç_50,50.webp,180,180,180,180
—§‚¿ŠG_—‡_“{‚è_50,50.webp,360,180,180,180
;“Áê•‘•
—§‚¿ŠG_‹“û•_’Êí_50,50_—§‚¿‹.webp,0,0,180,180
—§‚¿ŠG_‹“û•_ÎŠç_50,50_—§‚¿‹.webp,180,0,180,180
—§‚¿ŠG_‹“û•_“{‚è_50,50_—§‚¿‹.webp,360,0,180,180
—§‚¿ŠG_‹“û—‡_’Êí_50,50_—§‚¿‹.webp,0,180,180,180
—§‚¿ŠG_‹“û—‡_ÎŠç_50,50_—§‚¿‹.webp,180,180,180,180
—§‚¿ŠG_‹“û—‡_“{‚è_50,50_—§‚¿‹.webp,360,180,180,180
;·•ª

;------------------------------------------------------------
;51_‚É‚Æ‚è
;------------------------------------------------------------
;•
—§‚¿ŠG_•_’Êí_51,51.webp,0,0,180,180
—§‚¿ŠG_•_ÎŠç_51,51.webp,180,0,180,180
—§‚¿ŠG_•_“{‚è_51,51.webp,360,0,180,180
;—‡
—§‚¿ŠG_—‡_’Êí_51,51.webp,0,180,180,180
—§‚¿ŠG_—‡_ÎŠç_51,51.webp,180,180,180,180
—§‚¿ŠG_—‡_“{‚è_51,51.webp,360,180,180,180
;“Áê•‘•
—§‚¿ŠG_•_‰Ä•_’Êí_51,51.webp,0,360,180,180
—§‚¿ŠG_•_‰Ä•_ÎŠç_51,51.webp,180,360,180,180
—§‚¿ŠG_•_‰Ä•_“{‚è_51,51.webp,360,360,180,180
;·•ª

;------------------------------------------------------------
;52_—éå
;------------------------------------------------------------
;•
—§‚¿ŠG_•_’Êí_52,52.webp,0,0,180,180
—§‚¿ŠG_•_ÎŠç_52,52.webp,180,0,180,180
—§‚¿ŠG_•_“{‚è_52,52.webp,360,0,180,180
;—‡
—§‚¿ŠG_—‡_’Êí_52,52.webp,0,180,180,180
—§‚¿ŠG_—‡_ÎŠç_52,52.webp,180,180,180,180
—§‚¿ŠG_—‡_“{‚è_52,52.webp,360,180,180,180
;“Áê•‘•
—§‚¿ŠG_•_ƒuƒ‰ƒEƒX_’Êí_52,52.webp,0,360,180,180
—§‚¿ŠG_•_ƒuƒ‰ƒEƒX_ÎŠç_52,52.webp,180,360,180,180
—§‚¿ŠG_•_ƒuƒ‰ƒEƒX_“{‚è_52,52.webp,360,360,180,180
;·•ª

;------------------------------------------------------------
;53_‚Ä‚î
;------------------------------------------------------------
;•
—§‚¿ŠG_•_’Êí_53,53.webp,0,0,180,180
—§‚¿ŠG_•_ÎŠç_53,53.webp,180,0,180,180
—§‚¿ŠG_•_“{‚è_53,53.webp,360,0,180,180
;—‡
—§‚¿ŠG_—‡_’Êí_53,53.webp,0,180,180,180
—§‚¿ŠG_—‡_ÎŠç_53,53.webp,180,180,180,180
—§‚¿ŠG_—‡_“{‚è_53,53.webp,360,180,180,180
;·•ª

;------------------------------------------------------------
;54_ƒpƒ`ƒ…ƒŠ[
;------------------------------------------------------------
;•
—§‚¿ŠG_•_’Êí_54,54.webp,0,0,180,180
—§‚¿ŠG_•_ÎŠç_54,54.webp,180,0,180,180
—§‚¿ŠG_•_“{‚è_54,54.webp,360,0,180,180
;—‡
—§‚¿ŠG_—‡_’Êí_54,54.webp,0,180,180,180
—§‚¿ŠG_—‡_ÎŠç_54,54.webp,180,180,180,180
—§‚¿ŠG_—‡_“{‚è_54,54.webp,360,180,180,180
;“Áê•‘•
—§‚¿ŠG_•_‰Ä•_’Êí_54,54.webp,0,0,180,180
—§‚¿ŠG_•_‰Ä•_ÎŠç_54,54.webp,180,0,180,180
—§‚¿ŠG_•_‰Ä•_“{‚è_54,54.webp,360,0,180,180
;·•ª

;------------------------------------------------------------
;55_”’˜@
;------------------------------------------------------------
;•
—§‚¿ŠG_•_’Êí_55,55.webp,0,0,180,180
—§‚¿ŠG_•_ÎŠç_55,55.webp,180,0,180,180
—§‚¿ŠG_•_“{‚è_55,55.webp,360,0,180,180
;—‡
—§‚¿ŠG_—‡_’Êí_55,55.webp,0,180,180,180
—§‚¿ŠG_—‡_ÎŠç_55,55.webp,180,180,180,180
—§‚¿ŠG_—‡_“{‚è_55,55.webp,360,180,180,180
;“Áê•‘•
—§‚¿ŠG_•_‰Ä•_’Êí_55,55.webp,0,360,180,180
—§‚¿ŠG_•_‰Ä•_ÎŠç_55,55.webp,180,360,180,180
—§‚¿ŠG_•_‰Ä•_“{‚è_55,55.webp,360,360,180,180
;·•ª

;------------------------------------------------------------
;56__q
;------------------------------------------------------------
;•
—§‚¿ŠG_•_’Êí_56,56.webp,0,0,180,180
—§‚¿ŠG_•_ÎŠç_56,56.webp,180,0,180,180
—§‚¿ŠG_•_“{‚è_56,56.webp,360,0,180,180
;—‡
—§‚¿ŠG_—‡_’Êí_56,56.webp,0,180,180,180
—§‚¿ŠG_—‡_ÎŠç_56,56.webp,180,180,180,180
—§‚¿ŠG_—‡_“{‚è_56,56.webp,360,180,180,180
;·•ª

;------------------------------------------------------------
;57_‚±‚±‚ë
;------------------------------------------------------------
;•
—§‚¿ŠG_•_’Êí_57,57.webp,0,0,180,180
—§‚¿ŠG_•_ÎŠç_57,57.webp,180,0,180,180
—§‚¿ŠG_•_“{‚è_57,57.webp,360,0,180,180
;—‡
—§‚¿ŠG_—‡_’Êí_57,57.webp,0,180,180,180
—§‚¿ŠG_—‡_ÎŠç_57,57.webp,180,180,180,180
—§‚¿ŠG_—‡_“{‚è_57,57.webp,360,180,180,180
;·•ª

;------------------------------------------------------------
;58_”ü—é
;------------------------------------------------------------
;•
—§‚¿ŠG_•_’Êí_58,58.webp,0,0,180,180
—§‚¿ŠG_•_ÎŠç_58,58.webp,180,0,180,180
—§‚¿ŠG_•_“{‚è_58,58.webp,360,0,180,180
;—‡
—§‚¿ŠG_—‡_’Êí_58,58.webp,0,180,180,180
—§‚¿ŠG_—‡_ÎŠç_58,58.webp,180,180,180,180
—§‚¿ŠG_—‡_“{‚è_58,58.webp,360,180,180,180
;·•ª

;------------------------------------------------------------
;59_¬ˆ«–‚
;------------------------------------------------------------
;•
—§‚¿ŠG_•_’Êí_59,59.webp,0,0,180,180
—§‚¿ŠG_•_ÎŠç_59,59.webp,180,0,180,180
—§‚¿ŠG_•_“{‚è_59,59.webp,360,0,180,180
;—‡
—§‚¿ŠG_—‡_’Êí_59,59.webp,0,180,180,180
—§‚¿ŠG_—‡_ÎŠç_59,59.webp,180,180,180,180
—§‚¿ŠG_—‡_“{‚è_59,59.webp,360,180,180,180
;·•ª

;------------------------------------------------------------
;60_ƒpƒ‹ƒXƒB
;------------------------------------------------------------
;•
—§‚¿ŠG_•_’Êí_60,60.webp,0,0,180,180
—§‚¿ŠG_•_ÎŠç_60,60.webp,180,0,180,180
—§‚¿ŠG_•_“{‚è_60,60.webp,360,0,180,180
;—‡
—§‚¿ŠG_—‡_’Êí_60,60.webp,0,180,180,180
—§‚¿ŠG_—‡_ÎŠç_60,60.webp,180,180,180,180
—§‚¿ŠG_—‡_“{‚è_60,60.webp,360,180,180,180
;·•ª

;------------------------------------------------------------
;61_–…g
;------------------------------------------------------------
;•
—§‚¿ŠG_•_’Êí_61,61.webp,0,0,180,180
—§‚¿ŠG_•_ÎŠç_61,61.webp,180,0,180,180
—§‚¿ŠG_•_“{‚è_61,61.webp,360,0,180,180
;—‡
—§‚¿ŠG_—‡_’Êí_61,61.webp,0,180,180,180
—§‚¿ŠG_—‡_ÎŠç_61,61.webp,180,180,180,180
—§‚¿ŠG_—‡_“{‚è_61,61.webp,360,180,180,180
;“Áê•‘•
—§‚¿ŠG_•_‰Ä•_’Êí_61,61.webp,0,360,180,180
—§‚¿ŠG_•_‰Ä•_ÎŠç_61,61.webp,180,360,180,180
—§‚¿ŠG_•_‰Ä•_“{‚è_61,61.webp,360,360,180,180
;·•ª

;------------------------------------------------------------
;62_‹P–é
;------------------------------------------------------------
;•
—§‚¿ŠG_•_’Êí_62,62.webp,0,0,180,180
—§‚¿ŠG_•_ÎŠç_62,62.webp,180,0,180,180
—§‚¿ŠG_•_“{‚è_62,62.webp,360,0,180,180
;—‡
—§‚¿ŠG_—‡_’Êí_62,62.webp,0,180,180,180
—§‚¿ŠG_—‡_ÎŠç_62,62.webp,180,180,180,180
—§‚¿ŠG_—‡_“{‚è_62,62.webp,360,180,180,180
;“Áê•‘•
—§‚¿ŠG_•_‰Ä•_’Êí_62,62.webp,0,360,180,180
—§‚¿ŠG_•_‰Ä•_ÎŠç_62,62.webp,180,360,180,180
—§‚¿ŠG_•_‰Ä•_“{‚è_62,62.webp,360,360,180,180
;·•ª

;------------------------------------------------------------
;63_‰e˜T
;------------------------------------------------------------
;•
—§‚¿ŠG_•_’Êí_63,63.webp,0,0,180,180
—§‚¿ŠG_•_ÎŠç_63,63.webp,180,0,180,180
—§‚¿ŠG_•_“{‚è_63,63.webp,360,0,180,180
;—‡
—§‚¿ŠG_—‡_’Êí_63,63.webp,0,180,180,180
—§‚¿ŠG_—‡_ÎŠç_63,63.webp,180,180,180,180
—§‚¿ŠG_—‡_“{‚è_63,63.webp,360,180,180,180
;·•ª

;------------------------------------------------------------
;64_—E‹V
;------------------------------------------------------------
;•
—§‚¿ŠG_•_’Êí_64,64.webp,0,0,180,180
—§‚¿ŠG_•_ÎŠç_64,64.webp,180,0,180,180
—§‚¿ŠG_•_“{‚è_64,64.webp,360,0,180,180
;—‡
—§‚¿ŠG_—‡_’Êí_64,64.webp,0,180,180,180
—§‚¿ŠG_—‡_ÎŠç_64,64.webp,180,180,180,180
—§‚¿ŠG_—‡_“{‚è_64,64.webp,360,180,180,180
;“Áê•‘•
—§‚¿ŠG_‹“û•_’Êí_64,64_—§‚¿‹.webp,0,0,180,180
—§‚¿ŠG_‹“û•_ÎŠç_64,64_—§‚¿‹.webp,180,0,180,180
—§‚¿ŠG_‹“û•_“{‚è_64,64_—§‚¿‹.webp,360,0,180,180
—§‚¿ŠG_‹“û—‡_’Êí_64,64_—§‚¿‹.webp,0,180,180,180
—§‚¿ŠG_‹“û—‡_ÎŠç_64,64_—§‚¿‹.webp,180,180,180,180
—§‚¿ŠG_‹“û—‡_“{‚è_64,64_—§‚¿‹.webp,360,180,180,180
;·•ª

;------------------------------------------------------------
;65_Š‘
;------------------------------------------------------------
;•
—§‚¿ŠG_•_’Êí_65,65.webp,0,0,180,180
—§‚¿ŠG_•_ÎŠç_65,65.webp,180,0,180,180
—§‚¿ŠG_•_“{‚è_65,65.webp,360,0,180,180
;—‡
—§‚¿ŠG_—‡_’Êí_65,65.webp,0,180,180,180
—§‚¿ŠG_—‡_ÎŠç_65,65.webp,180,180,180,180
—§‚¿ŠG_—‡_“{‚è_65,65.webp,360,180,180,180
;·•ª

;------------------------------------------------------------
;66_—HXq
;------------------------------------------------------------
;•
—§‚¿ŠG_•_’Êí_66,66.webp,0,0,180,180
—§‚¿ŠG_•_ÎŠç_66,66.webp,180,0,180,180
—§‚¿ŠG_•_“{‚è_66,66.webp,360,0,180,180
;—‡
—§‚¿ŠG_—‡_’Êí_66,66.webp,0,180,180,180
—§‚¿ŠG_—‡_ÎŠç_66,66.webp,180,180,180,180
—§‚¿ŠG_—‡_“{‚è_66,66.webp,360,180,180,180
;“Áê•‘•
—§‚¿ŠG_•_“ú‘Ö‚í‚è_’Êí_66,66.webp,0,360,180,180
—§‚¿ŠG_•_“ú‘Ö‚í‚è_ÎŠç_66,66.webp,180,360,180,180
—§‚¿ŠG_•_“ú‘Ö‚í‚è_“{‚è_66,66.webp,360,360,180,180
;·•ª

;------------------------------------------------------------
;67_Œd‰¹
;------------------------------------------------------------
;•
—§‚¿ŠG_•_’Êí_67,67.webp,0,0,180,180
—§‚¿ŠG_•_ÎŠç_67,67.webp,180,0,180,180
—§‚¿ŠG_•_“{‚è_67,67.webp,360,0,180,180
;—‡
—§‚¿ŠG_—‡_’Êí_67,67.webp,0,180,180,180
—§‚¿ŠG_—‡_ÎŠç_67,67.webp,180,180,180,180
—§‚¿ŠG_—‡_“{‚è_67,67.webp,360,180,180,180
;“Áê•‘•
—§‚¿ŠG_•_”’‘ò_’Êí_67,67_2.webp,0,0,180,180
—§‚¿ŠG_•_”’‘ò_ÎŠç_67,67_2.webp,180,0,180,180
—§‚¿ŠG_•_”’‘ò_“{‚è_67,67_2.webp,360,0,180,180
—§‚¿ŠG_—‡_”’‘ò_’Êí_67,67_2.webp,0,180,180,180
—§‚¿ŠG_—‡_”’‘ò_ÎŠç_67,67_2.webp,180,180,180,180
—§‚¿ŠG_—‡_”’‘ò_“{‚è_67,67_2.webp,360,180,180,180
;·•ª

;------------------------------------------------------------
;68_—H
;------------------------------------------------------------
;•
—§‚¿ŠG_•_’Êí_68,68.webp,0,0,180,180
—§‚¿ŠG_•_ÎŠç_68,68.webp,180,0,180,180
—§‚¿ŠG_•_“{‚è_68,68.webp,360,0,180,180
;—‡
—§‚¿ŠG_—‡_’Êí_68,68.webp,0,180,180,180
—§‚¿ŠG_—‡_ÎŠç_68,68.webp,180,180,180,180
—§‚¿ŠG_—‡_“{‚è_68,68.webp,360,180,180,180
;“Áê•‘•
—§‚¿ŠG_•_ƒpƒWƒƒƒ}_’Êí_68,68.webp,0,360,180,180
—§‚¿ŠG_•_ƒpƒWƒƒƒ}_ÎŠç_68,68.webp,180,360,180,180
—§‚¿ŠG_•_ƒpƒWƒƒƒ}_“{‚è_68,68.webp,360,360,180,180
;·•ª

;------------------------------------------------------------
;69_ƒ}ƒ~ƒ]ƒE
;------------------------------------------------------------
;•
—§‚¿ŠG_•_’Êí_69,69.webp,0,0,180,180
—§‚¿ŠG_•_ÎŠç_69,69.webp,180,0,180,180
—§‚¿ŠG_•_“{‚è_69,69.webp,360,0,180,180
;—‡
—§‚¿ŠG_—‡_’Êí_69,69.webp,0,180,180,180
—§‚¿ŠG_—‡_ÎŠç_69,69.webp,180,180,180,180
—§‚¿ŠG_—‡_“{‚è_69,69.webp,360,180,180,180
;·•ª
—§‚¿ŠG_•_’Êí_69_1,69_1.webp,0,0,180,180
—§‚¿ŠG_•_ÎŠç_69_1,69_1.webp,180,0,180,180
—§‚¿ŠG_•_“{‚è_69_1,69_1.webp,360,0,180,180
—§‚¿ŠG_Æ‚ê_69_1,69_1.webp,540,0,180,180
—§‚¿ŠG_•_”­î_69_1,69_1.webp,720,0,180,180

;------------------------------------------------------------
;70_¬—é
;------------------------------------------------------------
;•
—§‚¿ŠG_•_’Êí_70,70.webp,0,0,180,180
—§‚¿ŠG_•_ÎŠç_70,70.webp,180,0,180,180
—§‚¿ŠG_•_“{‚è_70,70.webp,360,0,180,180
;—‡
—§‚¿ŠG_—‡_’Êí_70,70.webp,0,180,180,180
—§‚¿ŠG_—‡_ÎŠç_70,70.webp,180,180,180,180
—§‚¿ŠG_—‡_“{‚è_70,70.webp,360,180,180,180
;·•ª

;------------------------------------------------------------
;71_j–­ŠÛ
;------------------------------------------------------------
;•
—§‚¿ŠG_•_’Êí_71,71.webp,0,0,180,180
—§‚¿ŠG_•_ÎŠç_71,71.webp,180,0,180,180
—§‚¿ŠG_•_“{‚è_71,71.webp,360,0,180,180
;—‡
—§‚¿ŠG_—‡_’Êí_71,71.webp,0,180,180,180
—§‚¿ŠG_—‡_ÎŠç_71,71.webp,180,180,180,180
—§‚¿ŠG_—‡_“{‚è_71,71.webp,360,180,180,180
;·•ª

;------------------------------------------------------------
;72_‰i—Ô
;------------------------------------------------------------
;•
—§‚¿ŠG_•_’Êí_72,72.webp,0,0,180,180
—§‚¿ŠG_•_ÎŠç_72,72.webp,180,0,180,180
—§‚¿ŠG_•_“{‚è_72,72.webp,360,0,180,180
;—‡
—§‚¿ŠG_—‡_’Êí_72,72.webp,0,180,180,180
—§‚¿ŠG_—‡_ÎŠç_72,72.webp,180,180,180,180
—§‚¿ŠG_—‡_“{‚è_72,72.webp,360,180,180,180
;·•ª

;------------------------------------------------------------
;73_”ØŠï
;------------------------------------------------------------
;•
—§‚¿ŠG_•_’Êí_73,73.webp,0,0,180,180
—§‚¿ŠG_•_ÎŠç_73,73.webp,180,0,180,180
—§‚¿ŠG_•_“{‚è_73,73.webp,360,0,180,180
;—‡
—§‚¿ŠG_—‡_’Êí_73,73.webp,0,180,180,180
—§‚¿ŠG_—‡_ÎŠç_73,73.webp,180,180,180,180
—§‚¿ŠG_—‡_“{‚è_73,73.webp,360,180,180,180
;·•ª

;------------------------------------------------------------
;74_ƒŒƒeƒB
;------------------------------------------------------------
;•
—§‚¿ŠG_•_’Êí_74,74.webp,0,0,180,180
—§‚¿ŠG_•_ÎŠç_74,74.webp,180,0,180,180
—§‚¿ŠG_•_“{‚è_74,74.webp,360,0,180,180
;—‡
—§‚¿ŠG_—‡_’Êí_74,74.webp,0,180,180,180
—§‚¿ŠG_—‡_ÎŠç_74,74.webp,180,180,180,180
—§‚¿ŠG_—‡_“{‚è_74,74.webp,360,180,180,180
;·•ª

;------------------------------------------------------------
;75_ƒƒfƒBƒXƒ“
;------------------------------------------------------------
;•
—§‚¿ŠG_•_’Êí_75,75.webp,0,0,180,180
—§‚¿ŠG_•_ÎŠç_75,75.webp,180,0,180,180
—§‚¿ŠG_•_“{‚è_75,75.webp,360,0,180,180
;—‡
—§‚¿ŠG_—‡_’Êí_75,75.webp,0,180,180,180
—§‚¿ŠG_—‡_ÎŠç_75,75.webp,180,180,180,180
—§‚¿ŠG_—‡_“{‚è_75,75.webp,360,180,180,180
;·•ª

;------------------------------------------------------------
;76_¬’¬
;------------------------------------------------------------
;•
—§‚¿ŠG_•_’Êí_76,76.webp,0,0,180,180
—§‚¿ŠG_•_ÎŠç_76,76.webp,180,0,180,180
—§‚¿ŠG_•_“{‚è_76,76.webp,360,0,180,180
;—‡
—§‚¿ŠG_—‡_’Êí_76,76.webp,0,180,180,180
—§‚¿ŠG_—‡_ÎŠç_76,76.webp,180,180,180,180
—§‚¿ŠG_—‡_“{‚è_76,76.webp,360,180,180,180
;”DP·•ª
—§‚¿ŠG_”DP•_’Êí_76,76_”DP.webp,720,0,180,180
—§‚¿ŠG_”DP•_ÎŠç_76,76_”DP.webp,720,180,180,180
—§‚¿ŠG_”DP•_“{‚è_76,76_”DP.webp,720,360,180,180
—§‚¿ŠG_”DP—‡_’Êí_76,76_”DP.webp,900,0,180,180
—§‚¿ŠG_”DP—‡_ÎŠç_76,76_”DP.webp,900,180,180,180
—§‚¿ŠG_”DP—‡_“{‚è_76,76_”DP.webp,900,360,180,180


;------------------------------------------------------------
;77_Ã—t
;------------------------------------------------------------
;•
—§‚¿ŠG_•_’Êí_77,77.webp,0,0,180,180
—§‚¿ŠG_•_ÎŠç_77,77.webp,180,0,180,180
—§‚¿ŠG_•_“{‚è_77,77.webp,360,0,180,180
;—‡
—§‚¿ŠG_—‡_’Êí_77,77.webp,0,180,180,180
—§‚¿ŠG_—‡_ÎŠç_77,77.webp,180,180,180,180
—§‚¿ŠG_—‡_“{‚è_77,77.webp,360,180,180,180
;·•ª
—§‚¿ŠG_•_’Êí_77_H•,77_H•.webp,0,0,180,180
—§‚¿ŠG_•_ÎŠç_77_H•,77_H•.webp,180,0,180,180
—§‚¿ŠG_•_“{‚è_77_H•,77_H•.webp,360,0,180,180
—§‚¿ŠG_—‡_’Êí_77_H•,77_H•.webp,0,180,180,180
—§‚¿ŠG_—‡_ÎŠç_77_H•,77_H•.webp,180,180,180,180
—§‚¿ŠG_—‡_“{‚è_77_H•,77_H•.webp,360,180,180,180

;------------------------------------------------------------
;78_õq
;------------------------------------------------------------
;•
—§‚¿ŠG_•_’Êí_78,78.webp,0,0,180,180
—§‚¿ŠG_•_ÎŠç_78,78.webp,180,0,180,180
—§‚¿ŠG_•_“{‚è_78,78.webp,360,0,180,180
;—‡
—§‚¿ŠG_—‡_’Êí_78,78.webp,0,180,180,180
—§‚¿ŠG_—‡_ÎŠç_78,78.webp,180,180,180,180
—§‚¿ŠG_—‡_“{‚è_78,78.webp,360,180,180,180
;·•ª
—§‚¿ŠG_•_’Êí_78_H•,78_H•.webp,0,0,180,180
—§‚¿ŠG_•_ÎŠç_78_H•,78_H•.webp,180,0,180,180
—§‚¿ŠG_•_“{‚è_78_H•,78_H•.webp,360,0,180,180
—§‚¿ŠG_—‡_’Êí_78_H•,78_H•.webp,0,180,180,180
—§‚¿ŠG_—‡_ÎŠç_78_H•,78_H•.webp,180,180,180,180
—§‚¿ŠG_—‡_“{‚è_78_H•,78_H•.webp,360,180,180,180
;------------------------------------------------------------
;79_—
;------------------------------------------------------------
;•
—§‚¿ŠG_•_’Êí_79,79.webp,0,0,180,180
—§‚¿ŠG_•_ÎŠç_79,79.webp,180,0,180,180
—§‚¿ŠG_•_“{‚è_79,79.webp,360,0,180,180
;—‡
—§‚¿ŠG_—‡_’Êí_79,79.webp,0,180,180,180
—§‚¿ŠG_—‡_ÎŠç_79,79.webp,180,180,180,180
—§‚¿ŠG_—‡_“{‚è_79,79.webp,360,180,180,180
;·•ª

;------------------------------------------------------------
;80_ˆ¢‹
;------------------------------------------------------------
;•
—§‚¿ŠG_•_’Êí_80,80.webp,0,0,180,180
—§‚¿ŠG_•_ÎŠç_80,80.webp,180,0,180,180
—§‚¿ŠG_•_“{‚è_80,80.webp,360,0,180,180
;—‡
—§‚¿ŠG_—‡_’Êí_80,80.webp,0,180,180,180
—§‚¿ŠG_—‡_ÎŠç_80,80.webp,180,180,180,180
—§‚¿ŠG_—‡_“{‚è_80,80.webp,360,180,180,180
;“Áê•‘•
—§‚¿ŠG_•_“ú‘Ö‚í‚è_’Êí_80,80.webp,0,360,180,180
—§‚¿ŠG_•_“ú‘Ö‚í‚è_ÎŠç_80,80.webp,180,360,180,180
—§‚¿ŠG_•_“ú‘Ö‚í‚è_“{‚è_80,80.webp,360,360,180,180
;·•ª

;------------------------------------------------------------
;81_˜@q
;------------------------------------------------------------
;•
—§‚¿ŠG_•_’Êí_81,81.webp,0,0,180,180
—§‚¿ŠG_•_ÎŠç_81,81.webp,180,0,180,180
—§‚¿ŠG_•_“{‚è_81,81.webp,360,0,180,180
;—‡
—§‚¿ŠG_—‡_’Êí_81,81.webp,0,180,180,180
—§‚¿ŠG_—‡_ÎŠç_81,81.webp,180,180,180,180
—§‚¿ŠG_—‡_“{‚è_81,81.webp,360,180,180,180
;“Áê•‘•
—§‚¿ŠG_•_‰Ä•_’Êí_81,81.webp,0,360,180,180
—§‚¿ŠG_•_‰Ä•_ÎŠç_81,81.webp,180,360,180,180
—§‚¿ŠG_•_‰Ä•_“{‚è_81,81.webp,360,360,180,180
;·•ª

;------------------------------------------------------------
;82_ƒƒŠ[
;------------------------------------------------------------
;•
—§‚¿ŠG_•_’Êí_82,82.webp,0,0,180,180
—§‚¿ŠG_•_ÎŠç_82,82.webp,180,0,180,180
—§‚¿ŠG_•_“{‚è_82,82.webp,360,0,180,180
;—‡
—§‚¿ŠG_—‡_’Êí_82,82.webp,0,180,180,180
—§‚¿ŠG_—‡_ÎŠç_82,82.webp,180,180,180,180
—§‚¿ŠG_—‡_“{‚è_82,82.webp,360,180,180,180
;“Áê•‘•
—§‚¿ŠG_•_‰Ä•_’Êí_82,82.webp,0,360,180,180
—§‚¿ŠG_•_‰Ä•_ÎŠç_82,82.webp,180,360,180,180
—§‚¿ŠG_•_‰Ä•_“{‚è_82,82.webp,360,360,180,180
;·•ª

;------------------------------------------------------------
;83_ƒLƒXƒ
;------------------------------------------------------------
;•
—§‚¿ŠG_•_’Êí_83,83.webp,0,0,180,180
—§‚¿ŠG_•_ÎŠç_83,83.webp,180,0,180,180
—§‚¿ŠG_•_“{‚è_83,83.webp,360,0,180,180
;—‡
—§‚¿ŠG_—‡_’Êí_83,83.webp,0,180,180,180
—§‚¿ŠG_—‡_ÎŠç_83,83.webp,180,180,180,180
—§‚¿ŠG_—‡_“{‚è_83,83.webp,360,180,180,180
;·•ª

;------------------------------------------------------------
;84_ƒ„ƒ}ƒ
;------------------------------------------------------------
;•
—§‚¿ŠG_•_’Êí_84,84.webp,0,0,180,180
—§‚¿ŠG_•_ÎŠç_84,84.webp,180,0,180,180
—§‚¿ŠG_•_“{‚è_84,84.webp,360,0,180,180
;—‡
—§‚¿ŠG_—‡_’Êí_84,84.webp,0,180,180,180
—§‚¿ŠG_—‡_ÎŠç_84,84.webp,180,180,180,180
—§‚¿ŠG_—‡_“{‚è_84,84.webp,360,180,180,180
;·•ª

;------------------------------------------------------------
;85_ˆê—Ö
;------------------------------------------------------------
;•
—§‚¿ŠG_•_’Êí_85,85.webp,0,0,180,180
—§‚¿ŠG_•_ÎŠç_85,85.webp,180,0,180,180
—§‚¿ŠG_•_“{‚è_85,85.webp,360,0,180,180
;—‡
—§‚¿ŠG_—‡_’Êí_85,85.webp,0,180,180,180
—§‚¿ŠG_—‡_ÎŠç_85,85.webp,180,180,180,180
—§‚¿ŠG_—‡_“{‚è_85,85.webp,360,180,180,180
;·•ª

;------------------------------------------------------------
;86_ƒ€ƒ‰ƒT
;------------------------------------------------------------
;•
—§‚¿ŠG_•_’Êí_86,86.webp,0,0,180,180
—§‚¿ŠG_•_ÎŠç_86,86.webp,180,0,180,180
—§‚¿ŠG_•_“{‚è_86,86.webp,360,0,180,180
;—‡
—§‚¿ŠG_—‡_’Êí_86,86.webp,0,180,180,180
—§‚¿ŠG_—‡_ÎŠç_86,86.webp,180,180,180,180
—§‚¿ŠG_—‡_“{‚è_86,86.webp,360,180,180,180
;·•ª

;------------------------------------------------------------
;87_¯
;------------------------------------------------------------
;•
—§‚¿ŠG_•_’Êí_87,87.webp,0,0,180,180
—§‚¿ŠG_•_ÎŠç_87,87.webp,180,0,180,180
—§‚¿ŠG_•_“{‚è_87,87.webp,360,0,180,180
;—‡
—§‚¿ŠG_—‡_’Êí_87,87.webp,0,180,180,180
—§‚¿ŠG_—‡_ÎŠç_87,87.webp,180,180,180,180
—§‚¿ŠG_—‡_“{‚è_87,87.webp,360,180,180,180
;·•ª

;------------------------------------------------------------
;88_‹¿q
;------------------------------------------------------------
;•
—§‚¿ŠG_•_’Êí_88,88.webp,0,0,180,180
—§‚¿ŠG_•_ÎŠç_88,88.webp,180,0,180,180
—§‚¿ŠG_•_“{‚è_88,88.webp,360,0,180,180
;—‡
—§‚¿ŠG_—‡_’Êí_88,88.webp,0,180,180,180
—§‚¿ŠG_—‡_ÎŠç_88,88.webp,180,180,180,180
—§‚¿ŠG_—‡_“{‚è_88,88.webp,360,180,180,180
;“Áê•‘•
—§‚¿ŠG_•_ƒ‰ƒCƒu_’Êí_88,88.webp,0,360,180,180
—§‚¿ŠG_•_ƒ‰ƒCƒu_ÎŠç_88,88.webp,180,360,180,180
—§‚¿ŠG_•_ƒ‰ƒCƒu_“{‚è_88,88.webp,360,360,180,180
;·•ª

;------------------------------------------------------------
;89_–F
;------------------------------------------------------------
;•
—§‚¿ŠG_•_’Êí_89,89.webp,0,0,180,180
—§‚¿ŠG_•_ÎŠç_89,89.webp,180,0,180,180
—§‚¿ŠG_•_“{‚è_89,89.webp,360,0,180,180
;—‡
—§‚¿ŠG_—‡_’Êí_89,89.webp,0,180,180,180
—§‚¿ŠG_—‡_ÎŠç_89,89.webp,180,180,180,180
—§‚¿ŠG_—‡_“{‚è_89,89.webp,360,180,180,180
;·•ª

;------------------------------------------------------------
;90_Â›M
;------------------------------------------------------------
;•
—§‚¿ŠG_•_’Êí_90,90.webp,0,0,180,180
—§‚¿ŠG_•_ÎŠç_90,90.webp,180,0,180,180
—§‚¿ŠG_•_“{‚è_90,90.webp,360,0,180,180
;—‡
—§‚¿ŠG_—‡_’Êí_90,90.webp,0,180,180,180
—§‚¿ŠG_—‡_ÎŠç_90,90.webp,180,180,180,180
—§‚¿ŠG_—‡_“{‚è_90,90.webp,360,180,180,180
;·•ª

;------------------------------------------------------------
;91_“j©ŒÃ
;------------------------------------------------------------
;•
—§‚¿ŠG_•_’Êí_91,91.webp,0,0,180,180
—§‚¿ŠG_•_ÎŠç_91,91.webp,180,0,180,180
—§‚¿ŠG_•_“{‚è_91,91.webp,360,0,180,180
;—‡
—§‚¿ŠG_—‡_’Êí_91,91.webp,0,180,180,180
—§‚¿ŠG_—‡_ÎŠç_91,91.webp,180,180,180,180
—§‚¿ŠG_—‡_“{‚è_91,91.webp,360,180,180,180
;·•ª

;------------------------------------------------------------
;92_•z“s
;------------------------------------------------------------
;•
—§‚¿ŠG_•_’Êí_92,92.webp,0,0,180,180
—§‚¿ŠG_•_ÎŠç_92,92.webp,180,0,180,180
—§‚¿ŠG_•_“{‚è_92,92.webp,360,0,180,180
;—‡
—§‚¿ŠG_—‡_’Êí_92,92.webp,0,180,180,180
—§‚¿ŠG_—‡_ÎŠç_92,92.webp,180,180,180,180
—§‚¿ŠG_—‡_“{‚è_92,92.webp,360,180,180,180
;·•ª

;------------------------------------------------------------
;93_‚í‚©‚³‚¬•P
;------------------------------------------------------------
;•
—§‚¿ŠG_•_’Êí_93,93.webp,0,0,180,180
—§‚¿ŠG_•_ÎŠç_93,93.webp,180,0,180,180
—§‚¿ŠG_•_“{‚è_93,93.webp,360,0,180,180
;—‡
—§‚¿ŠG_—‡_’Êí_93,93.webp,0,180,180,180
—§‚¿ŠG_—‡_ÎŠç_93,93.webp,180,180,180,180
—§‚¿ŠG_—‡_“{‚è_93,93.webp,360,180,180,180
;·•ª

;------------------------------------------------------------
;94_•ÙX
;------------------------------------------------------------
;•
—§‚¿ŠG_•_’Êí_94,94.webp,0,0,180,180
—§‚¿ŠG_•_ÎŠç_94,94.webp,180,0,180,180
—§‚¿ŠG_•_“{‚è_94,94.webp,360,0,180,180
;—‡
—§‚¿ŠG_—‡_’Êí_94,94.webp,0,180,180,180
—§‚¿ŠG_—‡_ÎŠç_94,94.webp,180,180,180,180
—§‚¿ŠG_—‡_“{‚è_94,94.webp,360,180,180,180
;·•ª

;------------------------------------------------------------
;95_”ª‹´
;------------------------------------------------------------
;•
—§‚¿ŠG_•_’Êí_95,95.webp,0,0,180,180
—§‚¿ŠG_•_ÎŠç_95,95.webp,180,0,180,180
—§‚¿ŠG_•_“{‚è_95,95.webp,360,0,180,180
;—‡
—§‚¿ŠG_—‡_’Êí_95,95.webp,0,180,180,180
—§‚¿ŠG_—‡_ÎŠç_95,95.webp,180,180,180,180
—§‚¿ŠG_—‡_“{‚è_95,95.webp,360,180,180,180
;·•ª

;------------------------------------------------------------
;96_—‹ŒÛ
;------------------------------------------------------------
;•
—§‚¿ŠG_•_’Êí_96,96.webp,0,0,180,180
—§‚¿ŠG_•_ÎŠç_96,96.webp,180,0,180,180
—§‚¿ŠG_•_“{‚è_96,96.webp,360,0,180,180
;—‡
—§‚¿ŠG_—‡_’Êí_96,96.webp,0,180,180,180
—§‚¿ŠG_—‡_ÎŠç_96,96.webp,180,180,180,180
—§‚¿ŠG_—‡_“{‚è_96,96.webp,360,180,180,180
;·•ª

;------------------------------------------------------------
;97_³×
;------------------------------------------------------------
;•
—§‚¿ŠG_•_’Êí_97,97.webp,0,0,180,180
—§‚¿ŠG_•_ÎŠç_97,97.webp,180,0,180,180
—§‚¿ŠG_•_“{‚è_97,97.webp,360,0,180,180
;—‡
—§‚¿ŠG_—‡_’Êí_97,97.webp,0,180,180,180
—§‚¿ŠG_—‡_ÎŠç_97,97.webp,180,180,180,180
—§‚¿ŠG_—‡_“{‚è_97,97.webp,360,180,180,180
;·•ª

;------------------------------------------------------------
;98_ˆË•P
;------------------------------------------------------------
;•
—§‚¿ŠG_•_’Êí_98,98.webp,0,0,180,180
—§‚¿ŠG_•_ÎŠç_98,98.webp,180,0,180,180
—§‚¿ŠG_•_“{‚è_98,98.webp,360,0,180,180
;—‡
—§‚¿ŠG_—‡_’Êí_98,98.webp,0,180,180,180
—§‚¿ŠG_—‡_ÎŠç_98,98.webp,180,180,180,180
—§‚¿ŠG_—‡_“{‚è_98,98.webp,360,180,180,180
;·•ª

;------------------------------------------------------------
;99_–L•P
;------------------------------------------------------------
;•
—§‚¿ŠG_•_’Êí_99,99.webp,0,0,180,180
—§‚¿ŠG_•_ÎŠç_99,99.webp,180,0,180,180
—§‚¿ŠG_•_“{‚è_99,99.webp,360,0,180,180
;—‡
—§‚¿ŠG_—‡_’Êí_99,99.webp,0,180,180,180
—§‚¿ŠG_—‡_ÎŠç_99,99.webp,180,180,180,180
—§‚¿ŠG_—‡_“{‚è_99,99.webp,360,180,180,180
;·•ª

;------------------------------------------------------------
;100_ƒŒƒCƒZƒ“
;------------------------------------------------------------
;•
—§‚¿ŠG_•_’Êí_100,100.webp,0,0,180,180
—§‚¿ŠG_•_ÎŠç_100,100.webp,180,0,180,180
—§‚¿ŠG_•_“{‚è_100,100.webp,360,0,180,180
;—‡
—§‚¿ŠG_—‡_’Êí_100,100.webp,0,180,180,180
—§‚¿ŠG_—‡_ÎŠç_100,100.webp,180,180,180,180
—§‚¿ŠG_—‡_“{‚è_100,100.webp,360,180,180,180
;·•ª

;------------------------------------------------------------
;101_éëq
;------------------------------------------------------------
;•
—§‚¿ŠG_•_’Êí_101,101.webp,0,0,180,180
—§‚¿ŠG_•_ÎŠç_101,101.webp,180,0,180,180
—§‚¿ŠG_•_“{‚è_101,101.webp,360,0,180,180
;—‡
—§‚¿ŠG_—‡_’Êí_101,101.webp,0,180,180,180
—§‚¿ŠG_—‡_ÎŠç_101,101.webp,180,180,180,180
—§‚¿ŠG_—‡_“{‚è_101,101.webp,360,180,180,180
;·•ª

;------------------------------------------------------------
;102__ãY
;------------------------------------------------------------
;•
—§‚¿ŠG_•_’Êí_102,102.webp,0,0,180,180
—§‚¿ŠG_•_ÎŠç_102,102.webp,180,0,180,180
—§‚¿ŠG_•_“{‚è_102,102.webp,360,0,180,180
;—‡
—§‚¿ŠG_—‡_’Êí_102,102.webp,0,180,180,180
—§‚¿ŠG_—‡_ÎŠç_102,102.webp,180,180,180,180
—§‚¿ŠG_—‡_“{‚è_102,102.webp,360,180,180,180
;·•ª

;------------------------------------------------------------
;103_–²q
;------------------------------------------------------------
;•
—§‚¿ŠG_•_’Êí_103,103.webp,0,0,180,180
—§‚¿ŠG_•_ÎŠç_103,103.webp,180,0,180,180
—§‚¿ŠG_•_“{‚è_103,103.webp,360,0,180,180
;—‡
—§‚¿ŠG_—‡_’Êí_103,103.webp,0,180,180,180
—§‚¿ŠG_—‡_ÎŠç_103,103.webp,180,180,180,180
—§‚¿ŠG_—‡_“{‚è_103,103.webp,360,180,180,180
;·•ª

;------------------------------------------------------------
;104_ƒ†ƒL
;------------------------------------------------------------
;•
—§‚¿ŠG_•_’Êí_104,104.webp,0,0,180,180
—§‚¿ŠG_•_ÎŠç_104,104.webp,180,0,180,180
—§‚¿ŠG_•_“{‚è_104,104.webp,360,0,180,180
;—‡
—§‚¿ŠG_—‡_’Êí_104,104.webp,0,180,180,180
—§‚¿ŠG_—‡_ÎŠç_104,104.webp,180,180,180,180
—§‚¿ŠG_—‡_“{‚è_104,104.webp,360,180,180,180
;·•ª

;------------------------------------------------------------
;105_ƒ}ƒC
;------------------------------------------------------------
;•
—§‚¿ŠG_•_’Êí_105,105.webp,0,0,180,180
—§‚¿ŠG_•_ÎŠç_105,105.webp,180,0,180,180
—§‚¿ŠG_•_“{‚è_105,105.webp,360,0,180,180
;—‡
—§‚¿ŠG_—‡_’Êí_105,105.webp,0,180,180,180
—§‚¿ŠG_—‡_ÎŠç_105,105.webp,180,180,180,180
—§‚¿ŠG_—‡_“{‚è_105,105.webp,360,180,180,180
;·•ª

;------------------------------------------------------------
;106_“Ÿq
;------------------------------------------------------------
;•
—§‚¿ŠG_•_’Êí_106,106.webp,0,0,180,180
—§‚¿ŠG_•_ÎŠç_106,106.webp,180,0,180,180
—§‚¿ŠG_•_“{‚è_106,106.webp,360,0,180,180
;—‡
—§‚¿ŠG_—‡_’Êí_106,106.webp,0,180,180,180
—§‚¿ŠG_—‡_ÎŠç_106,106.webp,180,180,180,180
—§‚¿ŠG_—‡_“{‚è_106,106.webp,360,180,180,180
;·•ª

;------------------------------------------------------------
;107_´—–
;------------------------------------------------------------
;•
—§‚¿ŠG_•_’Êí_107,107.webp,0,0,180,180
—§‚¿ŠG_•_ÎŠç_107,107.webp,180,0,180,180
—§‚¿ŠG_•_“{‚è_107,107.webp,360,0,180,180
;—‡
—§‚¿ŠG_—‡_’Êí_107,107.webp,0,180,180,180
—§‚¿ŠG_—‡_ÎŠç_107,107.webp,180,180,180,180
—§‚¿ŠG_—‡_“{‚è_107,107.webp,360,180,180,180
;·•ª

;------------------------------------------------------------
;108_—éŒè
;------------------------------------------------------------
;•
—§‚¿ŠG_•_’Êí_108,108.webp,0,0,180,180
—§‚¿ŠG_•_ÎŠç_108,108.webp,180,0,180,180
—§‚¿ŠG_•_“{‚è_108,108.webp,360,0,180,180
;—‡
—§‚¿ŠG_—‡_’Êí_108,108.webp,0,180,180,180
—§‚¿ŠG_—‡_ÎŠç_108,108.webp,180,180,180,180
—§‚¿ŠG_—‡_“{‚è_108,108.webp,360,180,180,180
;·•ª

;------------------------------------------------------------
;109_ƒhƒŒƒ~\
;------------------------------------------------------------
;•
—§‚¿ŠG_•_’Êí_109,109.webp,0,0,180,180
—§‚¿ŠG_•_ÎŠç_109,109.webp,180,0,180,180
—§‚¿ŠG_•_“{‚è_109,109.webp,360,0,180,180
;—‡
—§‚¿ŠG_—‡_’Êí_109,109.webp,0,180,180,180
—§‚¿ŠG_—‡_ÎŠç_109,109.webp,180,180,180,180
—§‚¿ŠG_—‡_“{‚è_109,109.webp,360,180,180,180
;·•ª

;------------------------------------------------------------
;110_ƒTƒOƒ
;------------------------------------------------------------
;•
—§‚¿ŠG_•_’Êí_110,110.webp,0,0,180,180
—§‚¿ŠG_•_ÎŠç_110,110.webp,180,0,180,180
—§‚¿ŠG_•_“{‚è_110,110.webp,360,0,180,180
;—‡
—§‚¿ŠG_—‡_’Êí_110,110.webp,0,180,180,180
—§‚¿ŠG_—‡_ÎŠç_110,110.webp,180,180,180,180
—§‚¿ŠG_—‡_“{‚è_110,110.webp,360,180,180,180
;·•ª

;------------------------------------------------------------
;111_ƒNƒ‰ƒEƒ“ƒs[ƒX
;------------------------------------------------------------
;•
—§‚¿ŠG_•_’Êí_111,111.webp,0,0,180,180
—§‚¿ŠG_•_ÎŠç_111,111.webp,180,0,180,180
—§‚¿ŠG_•_“{‚è_111,111.webp,360,0,180,180
;—‡
;—§‚¿ŠG_—‡_’Êí_111,111.webp,0,180,180,180
;—§‚¿ŠG_—‡_ÎŠç_111,111.webp,180,180,180,180
;—§‚¿ŠG_—‡_“{‚è_111,111.webp,360,180,180,180
—§‚¿ŠG_—‡_’Êí_111,111.webp,0,0,180,180
—§‚¿ŠG_—‡_ÎŠç_111,111.webp,180,0,180,180
—§‚¿ŠG_—‡_“{‚è_111,111.webp,360,0,180,180
;·•ª

;------------------------------------------------------------
;112_ƒŒÏ
;------------------------------------------------------------
;•
—§‚¿ŠG_•_’Êí_112,112.webp,0,0,180,180
—§‚¿ŠG_•_ÎŠç_112,112.webp,180,0,180,180
—§‚¿ŠG_•_“{‚è_112,112.webp,360,0,180,180
;—‡
;—§‚¿ŠG_—‡_’Êí_112,112.webp,0,180,180,180
;—§‚¿ŠG_—‡_ÎŠç_112,112.webp,180,180,180,180
;—§‚¿ŠG_—‡_“{‚è_112,112.webp,360,180,180,180
—§‚¿ŠG_—‡_’Êí_112,112.webp,0,0,180,180
—§‚¿ŠG_—‡_ÎŠç_112,112.webp,180,0,180,180
—§‚¿ŠG_—‡_“{‚è_112,112.webp,360,0,180,180
;·•ª

;------------------------------------------------------------
;113_ƒwƒJ[ƒeƒBƒA
;------------------------------------------------------------
;•
—§‚¿ŠG_•_’Êí_113,113.webp,0,0,180,180
—§‚¿ŠG_•_ÎŠç_113,113.webp,180,0,180,180
—§‚¿ŠG_•_“{‚è_113,113.webp,360,0,180,180
;—‡
—§‚¿ŠG_—‡_’Êí_113,113.webp,0,180,180,180
—§‚¿ŠG_—‡_ÎŠç_113,113.webp,180,180,180,180
—§‚¿ŠG_—‡_“{‚è_113,113.webp,360,180,180,180
;·•ª(Â)
—§‚¿ŠG_•_’Êí_113_Â,113_1.webp,0,0,180,180
—§‚¿ŠG_•_ÎŠç_113_Â,113_1.webp,180,0,180,180
—§‚¿ŠG_•_“{‚è_113_Â,113_1.webp,360,0,180,180
;·•ª(‰©)
—§‚¿ŠG_•_’Êí_113_‰©,113_2.webp,0,0,180,180
—§‚¿ŠG_•_ÎŠç_113_‰©,113_2.webp,180,0,180,180
—§‚¿ŠG_•_“{‚è_113_‰©,113_2.webp,360,0,180,180

;------------------------------------------------------------
;114_‚­‚é‚İ
;------------------------------------------------------------
;•
—§‚¿ŠG_•_’Êí_114,114.webp,0,0,180,180
—§‚¿ŠG_•_ÎŠç_114,114.webp,180,0,180,180
—§‚¿ŠG_•_“{‚è_114,114.webp,360,0,180,180
;—‡
—§‚¿ŠG_—‡_’Êí_114,114.webp,0,180,180,180
—§‚¿ŠG_—‡_ÎŠç_114,114.webp,180,180,180,180
—§‚¿ŠG_—‡_“{‚è_114,114.webp,360,180,180,180
;·•ª

;------------------------------------------------------------
;115_ƒGƒŠ[
;------------------------------------------------------------
;•
—§‚¿ŠG_•_’Êí_115,115.webp,0,0,180,180
—§‚¿ŠG_•_ÎŠç_115,115.webp,180,0,180,180
—§‚¿ŠG_•_“{‚è_115,115.webp,360,0,180,180
;—‡
—§‚¿ŠG_—‡_’Êí_115,115.webp,0,180,180,180
—§‚¿ŠG_—‡_ÎŠç_115,115.webp,180,180,180,180
—§‚¿ŠG_—‡_“{‚è_115,115.webp,360,180,180,180
;·•ª

;------------------------------------------------------------
;116_–²Œ
;------------------------------------------------------------
;•
—§‚¿ŠG_•_’Êí_116,116.webp,0,0,180,180
—§‚¿ŠG_•_ÎŠç_116,116.webp,180,0,180,180
—§‚¿ŠG_•_“{‚è_116,116.webp,360,0,180,180
;—‡
—§‚¿ŠG_—‡_’Êí_116,116.webp,0,180,180,180
—§‚¿ŠG_—‡_ÎŠç_116,116.webp,180,180,180,180
—§‚¿ŠG_—‡_“{‚è_116,116.webp,360,180,180,180
;·•ª

;------------------------------------------------------------
;117_Œ¶Œ
;------------------------------------------------------------
;•
—§‚¿ŠG_•_’Êí_117,117.webp,0,0,180,180
—§‚¿ŠG_•_ÎŠç_117,117.webp,180,0,180,180
—§‚¿ŠG_•_“{‚è_117,117.webp,360,0,180,180
;—‡
—§‚¿ŠG_—‡_’Êí_117,117.webp,0,180,180,180
—§‚¿ŠG_—‡_ÎŠç_117,117.webp,180,180,180,180
—§‚¿ŠG_—‡_“{‚è_117,117.webp,360,180,180,180
;·•ª

;------------------------------------------------------------
;118_ƒ‰ƒ‹ƒo
;------------------------------------------------------------
;•
—§‚¿ŠG_•_’Êí_118,118.webp,0,0,180,180
—§‚¿ŠG_•_ÎŠç_118,118.webp,180,0,180,180
—§‚¿ŠG_•_“{‚è_118,118.webp,360,0,180,180
;—‡
—§‚¿ŠG_—‡_’Êí_118,118.webp,0,180,180,180
—§‚¿ŠG_—‡_ÎŠç_118,118.webp,180,180,180,180
—§‚¿ŠG_—‡_“{‚è_118,118.webp,360,180,180,180
;·•ª

;------------------------------------------------------------
;119_ƒlƒ€ƒm
;------------------------------------------------------------
;•
—§‚¿ŠG_•_’Êí_119,119.webp,0,0,180,180
—§‚¿ŠG_•_ÎŠç_119,119.webp,180,0,180,180
—§‚¿ŠG_•_“{‚è_119,119.webp,360,0,180,180
;—‡
—§‚¿ŠG_—‡_’Êí_119,119.webp,0,180,180,180
—§‚¿ŠG_—‡_ÎŠç_119,119.webp,180,180,180,180
—§‚¿ŠG_—‡_“{‚è_119,119.webp,360,180,180,180
;·•ª

;------------------------------------------------------------
;120_‚ ‚¤‚ñ
;------------------------------------------------------------
;•
—§‚¿ŠG_•_’Êí_120,120.webp,0,0,180,180
—§‚¿ŠG_•_ÎŠç_120,120.webp,180,0,180,180
—§‚¿ŠG_•_“{‚è_120,120.webp,360,0,180,180
;—‡
—§‚¿ŠG_—‡_’Êí_120,120.webp,0,180,180,180
—§‚¿ŠG_—‡_ÎŠç_120,120.webp,180,180,180,180
—§‚¿ŠG_—‡_“{‚è_120,120.webp,360,180,180,180
;·•ª

;------------------------------------------------------------
;121_¬”ü
;------------------------------------------------------------
;•
—§‚¿ŠG_•_’Êí_121,121.webp,0,0,180,180
—§‚¿ŠG_•_ÎŠç_121,121.webp,180,0,180,180
—§‚¿ŠG_•_“{‚è_121,121.webp,360,0,180,180
;—‡
—§‚¿ŠG_—‡_’Êí_121,121.webp,0,180,180,180
—§‚¿ŠG_—‡_ÎŠç_121,121.webp,180,180,180,180
—§‚¿ŠG_—‡_“{‚è_121,121.webp,360,180,180,180
;·•ª

;------------------------------------------------------------
;122_•‘
;------------------------------------------------------------
;•
—§‚¿ŠG_•_’Êí_122,122.webp,0,0,180,180
—§‚¿ŠG_•_ÎŠç_122,122.webp,180,0,180,180
—§‚¿ŠG_•_“{‚è_122,122.webp,360,0,180,180
;—‡
—§‚¿ŠG_—‡_’Êí_122,122.webp,0,180,180,180
—§‚¿ŠG_—‡_ÎŠç_122,122.webp,180,180,180,180
—§‚¿ŠG_—‡_“{‚è_122,122.webp,360,180,180,180
;·•ª

;------------------------------------------------------------
;123_—¢”T
;------------------------------------------------------------
;•
—§‚¿ŠG_•_’Êí_123,123.webp,0,0,180,180
—§‚¿ŠG_•_ÎŠç_123,123.webp,180,0,180,180
—§‚¿ŠG_•_“{‚è_123,123.webp,360,0,180,180
;—‡
—§‚¿ŠG_—‡_’Êí_123,123.webp,0,180,180,180
—§‚¿ŠG_—‡_ÎŠç_123,123.webp,180,180,180,180
—§‚¿ŠG_—‡_“{‚è_123,123.webp,360,180,180,180
;·•ª

;------------------------------------------------------------
;124_‰BŠò“Ş
;------------------------------------------------------------
;•
—§‚¿ŠG_•_’Êí_124,124.webp,0,0,180,180
—§‚¿ŠG_•_ÎŠç_124,124.webp,180,0,180,180
—§‚¿ŠG_•_“{‚è_124,124.webp,360,0,180,180
;—‡
—§‚¿ŠG_—‡_’Êí_124,124.webp,0,180,180,180
—§‚¿ŠG_—‡_ÎŠç_124,124.webp,180,180,180,180
—§‚¿ŠG_—‡_“{‚è_124,124.webp,360,180,180,180
;·•ª

;------------------------------------------------------------
;125_—‰‘
;------------------------------------------------------------
;•
—§‚¿ŠG_•_’Êí_125,125.webp,0,0,180,180
—§‚¿ŠG_•_ÎŠç_125,125.webp,180,0,180,180
—§‚¿ŠG_•_“{‚è_125,125.webp,360,0,180,180
;—‡
—§‚¿ŠG_—‡_’Êí_125,125.webp,0,180,180,180
—§‚¿ŠG_—‡_ÎŠç_125,125.webp,180,180,180,180
—§‚¿ŠG_—‡_“{‚è_125,125.webp,360,180,180,180
;·•ª

;------------------------------------------------------------
;126_‡‰‘
;------------------------------------------------------------
;•
—§‚¿ŠG_•_’Êí_126,126.webp,0,0,180,180
—§‚¿ŠG_•_ÎŠç_126,126.webp,180,0,180,180
—§‚¿ŠG_•_“{‚è_126,126.webp,360,0,180,180
;—‡
—§‚¿ŠG_—‡_’Êí_126,126.webp,0,180,180,180
—§‚¿ŠG_—‡_ÎŠç_126,126.webp,180,180,180,180
—§‚¿ŠG_—‡_“{‚è_126,126.webp,360,180,180,180
;·•ª

;------------------------------------------------------------
;127_àû‰Ô
;------------------------------------------------------------
;•
—§‚¿ŠG_•_’Êí_127,127.webp,0,0,180,180
—§‚¿ŠG_•_ÎŠç_127,127.webp,180,0,180,180
—§‚¿ŠG_•_“{‚è_127,127.webp,360,0,180,180
;—‡
—§‚¿ŠG_—‡_’Êí_127,127.webp,0,180,180,180
—§‚¿ŠG_—‡_ÎŠç_127,127.webp,180,180,180,180
—§‚¿ŠG_—‡_“{‚è_127,127.webp,360,180,180,180
;‹“û·•ª
—§‚¿ŠG_‹“û•_’Êí_127,127_—§‚¿‹.webp,0,0,180,180
—§‚¿ŠG_‹“û•_ÎŠç_127,127_—§‚¿‹.webp,180,0,180,180
—§‚¿ŠG_‹“û•_“{‚è_127,127_—§‚¿‹.webp,360,0,180,180
—§‚¿ŠG_‹“û—‡_’Êí_127,127_—§‚¿‹.webp,0,180,180,180
—§‚¿ŠG_‹“û—‡_ÎŠç_127,127_—§‚¿‹.webp,180,180,180,180
—§‚¿ŠG_‹“û—‡_“{‚è_127,127_—§‚¿‹.webp,360,180,180,180

;------------------------------------------------------------
;128_”ü
;------------------------------------------------------------
;•
—§‚¿ŠG_•_’Êí_128,128.webp,0,0,180,180
—§‚¿ŠG_•_ÎŠç_128,128.webp,180,0,180,180
—§‚¿ŠG_•_“{‚è_128,128.webp,360,0,180,180
;—‡
—§‚¿ŠG_—‡_’Êí_128,128.webp,0,180,180,180
—§‚¿ŠG_—‡_ÎŠç_128,128.webp,180,180,180,180
—§‚¿ŠG_—‡_“{‚è_128,128.webp,360,180,180,180
;·•ª

;------------------------------------------------------------
;129_‹v˜Ì‰Ì
;------------------------------------------------------------
;•
—§‚¿ŠG_•_’Êí_129,129.webp,0,0,180,180
—§‚¿ŠG_•_ÎŠç_129,129.webp,180,0,180,180
—§‚¿ŠG_•_“{‚è_129,129.webp,360,0,180,180
;—‡
—§‚¿ŠG_—‡_’Êí_129,129.webp,0,180,180,180
—§‚¿ŠG_—‡_ÎŠç_129,129.webp,180,180,180,180
—§‚¿ŠG_—‡_“{‚è_129,129.webp,360,180,180,180
;·•ª

;------------------------------------------------------------
;130_”ªçŒd
;------------------------------------------------------------
;•
—§‚¿ŠG_•_’Êí_130,130.webp,0,0,180,180
—§‚¿ŠG_•_ÎŠç_130,130.webp,180,0,180,180
—§‚¿ŠG_•_“{‚è_130,130.webp,360,0,180,180
;—‡
—§‚¿ŠG_—‡_’Êí_130,130.webp,0,180,180,180
—§‚¿ŠG_—‡_ÎŠç_130,130.webp,180,180,180,180
—§‚¿ŠG_—‡_“{‚è_130,130.webp,360,180,180,180
;·•ª

;------------------------------------------------------------
;131_–‹|
;------------------------------------------------------------
;•
—§‚¿ŠG_•_’Êí_131,131.webp,0,0,180,180
—§‚¿ŠG_•_ÎŠç_131,131.webp,180,0,180,180
—§‚¿ŠG_•_“{‚è_131,131.webp,360,0,180,180
;—‡
—§‚¿ŠG_—‡_’Êí_131,131.webp,0,180,180,180
—§‚¿ŠG_—‡_ÎŠç_131,131.webp,180,180,180,180
—§‚¿ŠG_—‡_“{‚è_131,131.webp,360,180,180,180
;·•ª

;------------------------------------------------------------
;132_åİ•P
;------------------------------------------------------------
;•
—§‚¿ŠG_•_’Êí_132,132.webp,0,0,180,180
—§‚¿ŠG_•_ÎŠç_132,132.webp,180,0,180,180
—§‚¿ŠG_•_“{‚è_132,132.webp,360,0,180,180
;—‡
—§‚¿ŠG_—‡_’Êí_132,132.webp,0,180,180,180
—§‚¿ŠG_—‡_ÎŠç_132,132.webp,180,180,180,180
—§‚¿ŠG_—‡_“{‚è_132,132.webp,360,180,180,180
;·•ª

;------------------------------------------------------------
;133_‘‹S
;------------------------------------------------------------
;•
—§‚¿ŠG_•_’Êí_133,133.webp,0,0,180,180
—§‚¿ŠG_•_ÎŠç_133,133.webp,180,0,180,180
—§‚¿ŠG_•_“{‚è_133,133.webp,360,0,180,180
;—‡
—§‚¿ŠG_—‡_’Êí_133,133.webp,0,180,180,180
—§‚¿ŠG_—‡_ÎŠç_133,133.webp,180,180,180,180
—§‚¿ŠG_—‡_“{‚è_133,133.webp,360,180,180,180
;·•ª

;------------------------------------------------------------
;134_”üª
;------------------------------------------------------------
;•
—§‚¿ŠG_•_’Êí_134,134.webp,0,0,180,180
—§‚¿ŠG_•_ÎŠç_134,134.webp,180,0,180,180
—§‚¿ŠG_•_“{‚è_134,134.webp,360,0,180,180
;—‡
—§‚¿ŠG_—‡_’Êí_134,134.webp,0,180,180,180
—§‚¿ŠG_—‡_ÎŠç_134,134.webp,180,180,180,180
—§‚¿ŠG_—‡_“{‚è_134,134.webp,360,180,180,180
;·•ª

;------------------------------------------------------------
;135_ƒ~ƒP
;------------------------------------------------------------
;•
—§‚¿ŠG_•_’Êí_135,135.webp,0,0,180,180
—§‚¿ŠG_•_ÎŠç_135,135.webp,180,0,180,180
—§‚¿ŠG_•_“{‚è_135,135.webp,360,0,180,180
;—‡
—§‚¿ŠG_—‡_’Êí_135,135.webp,0,180,180,180
—§‚¿ŠG_—‡_ÎŠç_135,135.webp,180,180,180,180
—§‚¿ŠG_—‡_“{‚è_135,135.webp,360,180,180,180
;·•ª

;------------------------------------------------------------
;136_‚½‚©‚Ë
;------------------------------------------------------------
;•
—§‚¿ŠG_•_’Êí_136,136.webp,0,0,180,180
—§‚¿ŠG_•_ÎŠç_136,136.webp,180,0,180,180
—§‚¿ŠG_•_“{‚è_136,136.webp,360,0,180,180
;—‡
—§‚¿ŠG_—‡_’Êí_136,136.webp,0,180,180,180
—§‚¿ŠG_—‡_ÎŠç_136,136.webp,180,180,180,180
—§‚¿ŠG_—‡_“{‚è_136,136.webp,360,180,180,180
;·•ª

;------------------------------------------------------------
;137_‹î‘
;------------------------------------------------------------
;•
—§‚¿ŠG_•_’Êí_137,137.webp,0,0,180,180
—§‚¿ŠG_•_ÎŠç_137,137.webp,180,0,180,180
—§‚¿ŠG_•_“{‚è_137,137.webp,360,0,180,180
;—‡
—§‚¿ŠG_—‡_’Êí_137,137.webp,0,180,180,180
—§‚¿ŠG_—‡_ÎŠç_137,137.webp,180,180,180,180
—§‚¿ŠG_—‡_“{‚è_137,137.webp,360,180,180,180
;·•ª

;------------------------------------------------------------
;138_–£{ŠÛ
;------------------------------------------------------------
;•
—§‚¿ŠG_•_’Êí_138,138.webp,0,0,180,180
—§‚¿ŠG_•_ÎŠç_138,138.webp,180,0,180,180
—§‚¿ŠG_•_“{‚è_138,138.webp,360,0,180,180
;—‡
—§‚¿ŠG_—‡_’Êí_138,138.webp,0,180,180,180
—§‚¿ŠG_—‡_ÎŠç_138,138.webp,180,180,180,180
—§‚¿ŠG_—‡_“{‚è_138,138.webp,360,180,180,180
;·•ª

;------------------------------------------------------------
;139_“T
;------------------------------------------------------------
;•
—§‚¿ŠG_•_’Êí_139,139.webp,0,0,180,180
—§‚¿ŠG_•_ÎŠç_139,139.webp,180,0,180,180
—§‚¿ŠG_•_“{‚è_139,139.webp,360,0,180,180
;—‡
—§‚¿ŠG_—‡_’Êí_139,139.webp,0,180,180,180
—§‚¿ŠG_—‡_ÎŠç_139,139.webp,180,180,180,180
—§‚¿ŠG_—‡_“{‚è_139,139.webp,360,180,180,180
;·•ª

;------------------------------------------------------------
;140_—´
;------------------------------------------------------------
;•
—§‚¿ŠG_•_’Êí_140,140.webp,0,0,180,180
—§‚¿ŠG_•_ÎŠç_140,140.webp,180,0,180,180
—§‚¿ŠG_•_“{‚è_140,140.webp,360,0,180,180
;—‡
—§‚¿ŠG_—‡_’Êí_140,140.webp,0,180,180,180
—§‚¿ŠG_—‡_ÎŠç_140,140.webp,180,180,180,180
—§‚¿ŠG_—‡_“{‚è_140,140.webp,360,180,180,180
;·•ª

;------------------------------------------------------------
;141_ç–’
;------------------------------------------------------------
;•
—§‚¿ŠG_•_’Êí_141,141.webp,0,0,180,180
—§‚¿ŠG_•_ÎŠç_141,141.webp,180,0,180,180
—§‚¿ŠG_•_“{‚è_141,141.webp,360,0,180,180
;—‡
—§‚¿ŠG_—‡_’Êí_141,141.webp,0,180,180,180
—§‚¿ŠG_—‡_ÎŠç_141,141.webp,180,180,180,180
—§‚¿ŠG_—‡_“{‚è_141,141.webp,360,180,180,180
;·•ª

;------------------------------------------------------------
;142_•SX¢
;------------------------------------------------------------
;•
—§‚¿ŠG_•_’Êí_142,142.webp,0,0,180,180
—§‚¿ŠG_•_ÎŠç_142,142.webp,180,0,180,180
—§‚¿ŠG_•_“{‚è_142,142.webp,360,0,180,180
;—‡
—§‚¿ŠG_—‡_’Êí_142,142.webp,0,180,180,180
—§‚¿ŠG_—‡_ÎŠç_142,142.webp,180,180,180,180
—§‚¿ŠG_—‡_“{‚è_142,142.webp,360,180,180,180
;·•ª
